NB-20-Y-C-VI;0007
NA-20-V-D-V;0067
NA-19-Z-C-VI;0210
SB-20-Z-D-II;1162
SB-20-Z-D-III;1163
SB-20-Z-D-IV;1240
SB-20-Z-D-V;1241
SB-20-Z-D-VI;1242
SB-21-V-A-I;0709
SB-21-V-A-II;0710
SB-21-V-A-III;0711
SC-21-Z-D-II;1759
SC-21-Z-D-III;1760
NA-19-Z-D-I;0169
SC-21-Z-D-IV;1815
SC-21-Z-D-V;1816
SC-21-Z-D-VI;1817
SC-22-V-A-I;1334
SC-22-V-A-II;1335
SC-22-V-A-III;1336
SC-22-V-A-IV;1412
SC-22-Z-D-III;1772
SC-22-Z-D-IV;1827
SC-22-Z-D-V;1828
NA-19-Z-D-II;0170
SC-22-Z-D-VI;1829
SC-23-V-A-I;1346
SC-23-V-A-II;1347
SC-23-V-A-III;1348
SC-23-V-A-IV;1424
SC-23-V-A-V;1425
SC-23-V-A-VI;1426
SB-21-X-C-II;0859
SB-21-X-C-III;0860
SB-21-X-C-IV;0935
NA-19-Z-D-III;0171
SB-21-X-C-V;0936
SB-21-X-C-VI;0937
SB-21-X-D-I;0861
SB-21-X-D-II;0862
SB-21-X-D-III;0863
SB-21-X-D-IV;0938
SB-21-X-D-V;0939
SB-21-X-D-VI;0940
SB-21-Y-A-I;1006
SB-21-Y-A-II;1007
NA-19-Z-D-IV;0211
SB-21-Y-A-III;1008
SB-21-Y-A-IV;1085
SB-21-Y-A-V;1086
SB-21-Y-A-VI;1087
SB-21-Y-B-I;1009
SB-21-Y-B-II;1010
SB-21-Y-B-III;1011
SB-21-Y-B-IV;1088
SB-21-Y-B-V;1089
SB-21-Y-B-VI;1090
NA-19-Z-D-V;0212
SB-21-Y-C-I;1164
SB-21-Y-C-II;1165
SB-21-Y-C-III;1166
SB-21-Y-C-IV;1243
SB-21-Y-C-V;1244
SB-21-Y-C-VI;1245
SB-21-Y-D-I;1167
SB-21-Y-D-II;1168
SB-21-Y-D-III;1169
SB-21-Y-D-IV;1246
NA-19-Z-D-VI;0213
SB-21-Y-D-V;1247
SB-21-Y-D-VI;1248
SB-21-Z-A-I;1012
NA-20-Z-C-IV;0220
NA-20-Z-C-V;0221
NA-20-Z-C-VI;0222
NA-20-Z-D-I;0181
NA-20-Z-D-II;0182
NA-20-Z-D-III;0183
NA-20-Z-D-IV;0223
NA-20-V-A-III;0019
NA-20-Z-D-V;0224
NA-20-Z-D-VI;0225
NA-21-V-A-I;0029
SA-23-Y-B-III;0493
SA-23-Y-B-IV;0545
SA-23-Y-B-V;0546
SA-23-Y-B-VI;0547
SA-23-Y-C-I;0603
SA-23-Y-C-II;0604
SA-23-Y-C-III;0605
NA-20-V-B-I;0020
SA-23-Y-C-IV;0666
SA-23-Y-C-V;0667
SA-23-Y-C-VI;0668
SA-23-Y-D-I;0606
SA-23-Y-D-II;0607
SA-23-Y-D-III;0608
SA-23-Y-D-IV;0669
SA-23-Y-D-V;0670
SA-23-Y-D-VI;0671
SA-23-Z-A-I;0494
NA-20-V-B-II;0021
NA-21-Y-B-III;0109
NA-21-Y-B-IV;0146
NA-21-Y-B-V;0147
NA-21-Y-B-VI;0148
NA-21-Y-C-I;0184
NA-21-Y-C-II;0185
NA-21-Y-C-III;0186
NA-21-Y-C-IV;0226
NA-21-Y-C-V;0227
NA-21-Y-C-VI;0228
NA-20-V-D-VI;0068
NA-20-V-B-III;0022
NA-21-Y-D-I;0187
NA-21-Y-D-II;0188
NA-21-Y-D-III;0189
NA-21-Y-D-IV;0229
NA-21-Y-D-V;0230
NA-21-Y-D-VI;0231
NA-21-Z-A-I;0110
NA-21-Z-A-II;0111
SA-23-Z-A-II;0495
SA-23-Z-A-III;0495-A
NA-20-V-B-IV;0033
SA-23-Z-A-IV;0548
SA-23-Z-A-V;0549
SA-23-Z-A-VI;0550
SA-23-Z-B-I;0496
SA-23-Z-B-II;0497
SA-23-Z-B-IV;0551
SA-23-Z-B-V;0552
SA-23-Z-B-VI;0553
SA-23-Z-C-I;0609
SA-23-Z-C-II;0610
NA-20-V-B-V;0034
SB-19-V-B-III;690
SB-19-V-B-IV;758
SB-19-V-B-V;759
SB-19-V-B-VI;760
SB-19-V-C-I;0828
SB-19-V-C-II;0829
SB-19-V-C-III;0830
SB-19-V-C-IV;0905
SB-19-V-C-V;0906
SB-19-V-C-VI;0907
NA-20-V-B-VI;0035
SB-19-V-D-I;0831
SB-19-V-D-II;0832
SB-19-V-D-III;0833
SD-24-Y-C-IV;2227
SD-24-Y-C-V;2228
SD-24-Y-C-VI;2229
SD-24-Y-D-I;2186
SD-24-Y-D-II;2187
SD-24-Y-D-III;2188
SD-24-Y-D-IV;2230
NA-20-V-D-I;0047
SD-24-Y-D-V;2231
SD-24-Y-D-VI;2232
SD-24-Z-A-I;2100
NA-21-V-A-IV;0042
NA-21-V-C-I;0056
NA-21-V-C-IV;0075
NA-21-V-D-VI;0076
NA-21-X-C-III;0057
NA-21-X-C-V;0077
NA-21-X-C-VI;0078
NA-20-V-D-II;0048
NA-21-X-D-I;0058
NA-21-X-D-II;0058A
NA-21-X-D-IV;0079
NA-21-X-D-V;0080
NA-21-X-D-VI;0081
NA-21-Y-A-I;0105
NA-21-Y-A-II;0106
NA-21-Y-A-IV;0143
NA-21-Y-A-V;0144
NA-21-Y-A-VI;0145
NA-20-V-D-III;0049
NA-21-Y-B-I;0107
NA-21-Y-B-II;0108
SC-22-Z-C-VI;1826
SC-22-Z-D-I;1770
SC-22-Z-D-II;1771
SC-20-Z-C-III;1745
SC-20-Z-C-IV;1800
SC-20-Z-C-V;1801
SC-20-Z-C-VI;1802
SC-20-Z-D-I;1746
NA-20-V-D-IV;0066
SC-20-Z-D-II;1747
SC-20-Z-D-III;1748
SC-20-Z-D-IV;1803
SC-20-Z-D-V;1804
SC-20-Z-D-VI;1805
SC-21-V-A-I;1322
SC-21-V-A-II;1323
SC-21-V-A-III;1324
SC-21-V-A-IV;1400
SC-21-V-A-V;1401
NA-20-Z-B-III;0104
SC-21-V-A-VI;1402
SC-21-V-B-I;1325
SC-21-V-B-II;1326
SC-21-V-B-III;1327
SC-21-V-B-IV;1403
SC-21-V-B-V;1404
SC-21-V-B-VI;1405
SC-21-V-C-I;1477
SC-21-V-C-II;1478
SC-21-V-C-III;1479
NA-20-Z-B-IV;0140
SC-21-V-C-IV;1552
SC-21-V-C-V;1553
SC-21-V-C-VI;1554
SC-21-V-D-I;1480
SC-21-V-D-II;1481
SC-21-V-D-III;1482
SC-21-V-D-IV;1555
SB-23-V-D-VI;0958
NA-22-V-D-V;0086
NA-22-V-D-VI;0087
NA-20-X-A-I;0023
NA-20-Z-B-V;0141
NA-22-X-A-IV;0046
NA-22-X-C-I;0063
NA-22-X-C-IV;0088
NA-22-X-C-V;0089
NA-22-Y-A-I;0116
NA-22-Y-A-II;0117
NA-22-Y-A-III;0118
NA-22-Y-A-IV;0155
NA-22-Y-A-V;0156
NA-22-Y-A-VI;0157
NA-20-Z-B-VI;0142
NA-22-Y-B-I;0119
NA-22-Y-B-II;0120
NA-22-Y-B-III;0121
NA-22-Y-B-IV;0158
NA-22-Y-B-V;0159
NA-22-Y-B-VI;0160
NA-22-Y-C-I;0196
NA-22-Y-C-II;0197
NA-22-Y-C-III;0198
NA-22-Y-C-IV;0238
NA-20-Z-C-I;0178
NA-22-Y-C-V;0239
NA-22-Y-C-VI;0240
NA-22-Y-D-I;0199
NA-22-Y-D-II;0200
NA-22-Y-D-III;0201
SC-20-V-B-III;1315
SC-20-V-B-IV;1391
SC-20-V-B-V;1392
SC-20-V-B-VI;1393
SC-20-V-C-I;1465
SC-20-X-B-V;1398
SC-20-V-C-II;1466
SC-20-V-C-III;1467
SC-20-V-C-IV;1540
SC-20-V-C-V;1541
SC-20-V-C-VI;1542
SC-20-V-D-I;1468
SC-20-V-D-II;1469
SC-20-X-D-I;1474
SC-20-X-D-II;1475
SC-20-X-D-III;1476
SC-20-X-B-VI;1399
SC-20-X-D-IV;1549
SC-20-X-D-V;1550
SC-20-X-D-VI;1551
NA-22-Y-D-IV;0241
NA-22-Y-D-V;0242
NA-22-Y-D-VI;0243
NA-22-Z-A-I;0122
NA-22-Z-A-II;0123
NA-22-Z-A-III;0124
NA-22-Z-A-IV;0161
SC-20-X-C-I;1471
NA-22-Z-A-V;0162
NA-22-Z-A-VI;0163
NA-22-Z-C-I;0202
NA-22-Z-C-II;0203
NA-22-Z-C-III;0204
NA-22-Z-C-IV;0244
NA-22-Z-C-V;0245
NA-22-Z-C-VI;0246
NA-22-Z-D-IV;0247
SA-19-V-B-I;0248
SC-20-X-C-II;1472
SA-19-V-B-II;0249
SA-19-V-B-III;0250
SA-19-V-B-V;0293
SA-19-V-B-VI;0294
SA-19-V-D-II;0341
SA-19-V-D-III;0342
SA-19-V-D-V;0392
SA-19-V-D-VI;0393
SA-19-X-A-I;0251
SA-19-X-A-II;0252
SC-20-X-C-III;1473
SA-19-X-A-III;0253
SA-19-X-A-IV;0295
SA-19-X-A-V;0296
SA-19-X-A-VI;0297
SA-19-X-B-I;0254
SA-19-X-B-II;0255
SA-19-X-B-III;0256
SA-19-X-B-IV;0298
SA-19-X-B-V;0299
SA-19-X-B-VI;0300
SC-20-X-C-IV;1546
SA-19-X-C-I;0343
SA-19-X-C-II;0344
SA-19-X-C-III;0345
SA-19-X-C-IV;0394
SA-19-X-C-V;0395
SA-19-X-C-VI;0396
SA-19-X-D-I;0346
SA-19-X-D-II;0347
SA-19-X-D-III;0348
SC-20-V-A-I;1310
SC-20-X-C-V;1547
SC-20-V-A-II;1311
SC-20-V-A-III;1312
SC-20-V-A-IV;1388
SC-20-V-A-V;1389
SC-20-V-A-VI;1390
SC-20-V-B-I;1313
SC-20-V-B-II;1314
NA-21-Z-A-III;0112
NA-21-Z-A-IV;0149
NA-21-Z-A-V;0150
NA-20-X-A-II;0024
SC-20-X-C-VI;1548
NA-21-Z-A-VI;0151
NA-21-Z-B-I;0113
NA-21-Z-B-II;0114
NA-21-Z-B-III;0115
NA-21-Z-B-IV;0152
NA-21-Z-B-V;0153
NA-21-Z-B-VI;0154
NA-21-Z-C-I;0190
NA-21-Z-C-II;0191
NA-21-Z-C-III;0192
SC-22-V-A-V;1413
NA-21-Z-C-IV;0232
NA-21-Z-C-V;0233
NA-21-Z-C-VI;0234
NA-21-Z-D-I;0193
NA-21-Z-D-II;0194
NA-21-Z-D-III;0195
NA-21-Z-D-IV;0235
NA-21-Z-D-V;0236
NA-21-Z-D-VI;0237
NA-22-V-B-I;0030
SC-22-V-A-VI;1414
NA-22-V-B-II;0031
NA-22-V-B-III;0032
NA-22-V-B-IV;0043
NA-22-V-B-V;0044
NA-22-V-B-VI;0045
NA-22-V-C-III;0059
NA-22-V-C-IV;0082
NA-22-V-C-V;0083
NA-22-V-C-VI;0084
NA-22-V-D-I;0060
SC-22-V-B-I;1337
NA-22-V-D-II;0061
NA-22-V-D-III;0062
NA-22-V-D-IV;0085
SC-22-X-A-V;1419
SC-22-X-A-VI;1420
SC-22-X-B-I;1343
SC-22-X-B-II;1344
SC-22-X-B-III;1345
SC-22-X-B-IV;1421
SC-22-X-B-V;1422
SC-22-V-B-II;1338
SC-22-X-B-VI;1423
SC-22-X-C-I;1495
SC-22-X-C-II;1496
SC-22-X-C-III;1497
SC-22-X-C-IV;1570
SC-22-X-C-V;1571
SC-22-X-C-VI;1572
SC-22-X-D-I;1498
SC-22-X-D-II;1499
SC-22-X-D-III;1500
SC-22-V-B-III;1339
SC-22-X-D-IV;1573
SC-22-X-D-V;1574
SC-22-X-D-VI;1575
SC-22-Y-A-I;1633
SC-22-Y-A-II;1634
SC-22-Y-A-III;1635
SC-22-Y-A-IV;1699
SC-22-Y-A-V;1700
SC-22-Y-A-VI;1701
SC-22-Y-B-I;1636
SC-22-V-B-IV;1415
SD-24-Y-A-I;2094
SD-24-Y-A-II;2095
SD-24-Y-A-III;2096
SD-24-Y-A-IV;2138
SD-24-Y-A-V;2139
SD-24-Y-A-VI;2140
SD-24-Y-B-I;2097
SD-24-Y-B-II;2098
SD-24-Y-B-III;2099
SD-24-Y-B-IV;2141
SC-22-V-B-V;1416
SD-24-Y-B-V;2142
SD-24-Y-B-VI;2143
SD-24-Y-C-I;2183
SD-24-Y-C-II;2184
SD-24-Y-C-III;2185
SD-20-X-D-II;1965
SD-20-X-D-III;1966
SD-20-X-D-IV;2011
SC-22-Y-B-II;1637
SC-22-Y-B-III;1638
SC-22-V-B-VI;1417
SC-22-Y-B-IV;1702
SC-22-Y-B-V;1703
SC-22-Y-B-VI;1704
SC-22-Y-C-I;1761
SC-22-Y-C-II;1762
SC-22-Y-C-III;1763
SC-22-Y-C-IV;1818
SC-22-Y-C-V;1819
SC-22-Y-C-VI;1820
SC-22-Y-D-I;1764
SC-22-V-C-I;1489
SC-22-Y-D-II;1765
SC-22-Y-D-III;1766
SC-22-Y-D-IV;1821
SC-22-Y-D-V;1822
SC-22-Y-D-VI;1823
SB-19-V-D-IV;0908
SB-19-V-D-V;0909
SB-19-V-D-VI;0910
SB-19-X-A-I;691
SB-19-X-A-II;692
NA-20-X-A-III;0025
SC-22-V-C-II;1490
SB-19-X-A-III;693
SB-19-X-A-IV;761
SB-19-X-A-V;762
SB-19-X-A-VI;763
SB-19-X-B-I;694
SB-19-X-B-II;695
SB-19-X-B-III;696
SB-19-X-B-IV;764
SB-19-X-B-V;765
SB-19-X-B-VI;766
SC-22-V-C-III;1491
SB-19-X-C-I;0834
SB-19-X-C-II;0835
SC-24-Z-B-III;1668
SC-24-Z-B-IV;1732
SC-24-Z-B-V;1733
SC-24-Z-B-VI;1734
SC-24-Z-C-I;1791
SC-24-Z-C-II;1792
SC-24-Z-C-III;1793
SC-24-Z-C-IV;1848
SC-22-V-C-IV;1564
SC-24-Z-C-V;1849
SC-24-Z-C-VI;1850
SC-24-Z-D-I;1794
SC-24-Z-D-IV;1851
SC-25-V-A-I;1370
SC-25-V-A-II;1371
SC-25-V-A-III;1372
SC-25-V-A-IV;1448
SC-25-V-A-V;1449
SC-25-V-A-VI;1449-A
SC-22-V-C-V;1565
SC-25-V-C-I;1525
SC-25-V-C-II;1526
SC-20-Y-A-II;1610
SC-20-Y-A-III;1611
SC-20-Y-A-V;1676
SC-20-Y-A-VI;1677
SC-20-Y-B-I;1612
SC-20-Y-B-II;1613
SC-20-Y-B-III;1614
SC-20-Y-B-IV;1678
SC-22-V-C-VI;1566
SC-20-Y-B-V;1679
SC-20-Y-B-VI;1680
SC-20-Y-C-II;1738
SC-20-Y-C-III;1739
SC-20-Y-C-V;1795
SC-20-Y-C-VI;1796
SC-20-Y-D-I;1740
SC-20-Y-D-II;1741
SC-20-Y-D-III;1742
SC-20-Y-D-IV;1797
SE-21-Y-B-V;2432
SC-20-Y-D-V;1798
SC-20-Y-D-VI;1799
SC-20-Z-A-I;1615
SC-20-Z-A-II;1616
SC-20-Z-A-III;1617
SC-20-Z-A-IV;1681
SC-20-Z-A-V;1682
SC-20-Z-A-VI;1683
SC-20-Z-B-I;1618
SC-20-Z-B-II;1619
SE-21-Y-B-VI;2433
SC-20-Z-B-III;1620
SC-20-Z-B-IV;1684
SC-20-Z-B-V;1685
SC-20-Z-B-VI;1686
SC-20-Z-C-I;1743
SC-20-Z-C-II;1744
SC-22-X-A-III;1342
SC-22-X-A-IV;1418
SD-21-X-A-VI;1924
SD-21-X-B-I;1871
SE-21-Y-D-I;2468-A
SD-21-X-B-II;1872
SD-21-X-B-III;1873
SD-21-X-B-IV;1925
SD-21-X-B-V;1926
SD-21-X-B-VI;1927
SD-21-X-C-I;1973
SD-21-X-C-II;1974
SD-21-Y-C-I;2147
SD-21-Y-C-II;2148
SD-21-Y-C-III;2149
SE-21-Y-D-II;2469
SD-21-Y-C-IV;2191
SD-21-Y-C-V;2192
SD-21-Y-C-VI;2193
SD-21-Y-D-I;2150
SD-21-Y-D-II;2151
SD-21-Y-D-III;2152
SD-21-Y-D-IV;2194
SD-21-Y-D-V;2195
SD-21-Y-D-VI;2196
SD-21-Z-A-I;2064
SE-21-Y-D-III;2470
SD-21-Z-A-II;2065
SD-21-Z-A-III;2066
SD-21-Z-A-IV;2108
SD-21-Z-A-V;2109
SD-21-Z-A-VI;2110
SC-21-X-C-III;1485
SC-21-X-C-IV;1558
SC-21-X-C-V;1559
SC-21-X-C-VI;1560
SC-21-X-D-I;1486
NA-20-X-A-IV;0036
SE-21-Y-D-IV;2506
SC-21-X-D-II;1487
SC-21-X-D-III;1488
SC-21-X-D-IV;1561
SC-21-X-D-V;1562
SC-21-X-D-VI;1563
SC-21-Y-A-I;1621
SC-21-Y-A-II;1622
SC-21-Y-A-III;1623
SC-21-Y-A-IV;1687
SC-21-Y-A-V;1688
SE-21-Y-D-V;2507
SC-21-Y-A-VI;1689
SC-21-Y-B-I;1624
SC-21-Y-B-II;1625
SD-21-Z-B-I;2067
SD-21-Z-B-II;2068
SD-21-Z-B-III;2069
SD-21-Z-B-IV;2111
SD-21-Z-B-V;2112
SD-21-Z-B-VI;2113
SD-21-Z-C-I;2153
SE-21-Y-D-VI;2508
SD-21-Z-C-II;2154
SD-21-Z-C-III;2155
SD-21-Z-C-IV;2197
SD-21-Z-C-V;2198
SD-21-Z-C-VI;2199
SD-21-Z-D-I;2156
SD-21-Z-D-II;2157
SD-21-Z-D-III;2158
SD-21-Z-D-IV;2200
SD-21-Z-D-V;2201
SF-22-X-B-III;2564
SD-21-Z-D-VI;2202
SD-22-V-A-I;1874
SD-22-V-A-II;1875
SD-22-V-A-III;1876
SD-22-V-A-IV;1928
SD-22-V-A-V;1929
SD-22-V-A-VI;1930
SD-22-V-B-I;1877
SD-22-V-B-II;1878
SD-22-V-B-III;1879
SF-22-X-B-IV;2598
SD-22-V-B-IV;1931
SD-22-V-B-V;1932
SD-22-V-B-VI;1933
SD-22-V-C-I;1979
SD-22-V-C-II;1980
SD-22-V-C-III;1981
SD-22-V-C-IV;2026
SD-22-V-C-V;2027
SD-22-V-C-VI;2028
SD-22-V-D-I;1982
SF-22-X-B-V;2599
SD-22-V-D-II;1983
SC-21-V-D-V;1556
SC-21-V-D-VI;1557
SC-21-X-A-I;1328
SC-21-X-A-II;1329
SC-21-X-A-III;1330
SC-21-X-A-IV;1406
SC-21-X-A-V;1407
SC-21-X-A-VI;1408
SC-21-X-B-I;1331
SF-22-X-B-VI;2600
SC-21-X-B-II;1332
SC-21-X-B-III;1333
SC-21-X-B-IV;1409
SC-21-X-B-V;1410
SC-21-X-B-VI;1411
SC-21-X-C-I;1483
SC-21-X-C-II;1484
SD-20-X-D-V;2012
SD-20-X-D-VI;2013
SD-20-Z-B-III;2057
SF-22-X-C-I;2631
SD-20-Z-B-VI;2101
SD-20-Z-D-II;2145
SD-20-Z-D-III;2146
SD-20-Z-D-VI;2190
SD-21-V-A-I;1862
SD-21-V-A-II;1863
SD-21-V-A-III;1864
SD-21-V-A-IV;1916
SD-21-V-A-V;1917
SD-21-V-A-VI;1918
SF-22-X-C-II;2632
SD-21-V-B-I;1865
SD-21-V-B-II;1866
SD-21-V-B-III;1867
SD-21-V-B-IV;1919
SD-21-V-B-V;1920
SD-21-V-B-VI;1921
SD-21-V-C-I;1967
SD-21-V-C-II;1968
SD-21-V-C-III;1969
SD-21-V-C-IV;2014
SF-22-X-C-III;2633
SD-21-V-C-V;2015
SD-21-V-C-VI;2016
SD-21-V-D-I;1970
SD-21-V-D-II;1971
SD-21-V-D-III;1972
SD-21-V-D-IV;2017
SD-21-V-D-V;2018
SD-21-V-D-VI;2019
SD-21-X-A-I;1868
SD-21-X-A-II;1869
NA-20-X-A-V;0037
SF-22-X-C-IV;2666
SD-21-X-A-III;1870
SD-21-X-A-IV;1922
SD-21-X-A-V;1923
SC-23-V-B-V;1428
SC-23-V-B-VI;1429
SC-23-V-C-I;1501
SC-23-V-C-II;1502
SC-23-V-C-III;1503
SC-23-V-C-IV;1576
SC-23-V-C-V;1577
SF-22-X-C-V;2667
SC-23-V-C-VI;1578
SC-23-V-D-I;1504
SC-23-V-D-II;1505
SC-23-V-D-III;1506
SC-23-V-D-IV;1579
SC-23-V-D-V;1580
SC-23-V-D-VI;1581
SC-23-X-A-I;1352
SC-23-X-A-II;1353
SC-23-X-A-III;1354
SF-22-X-C-VI;2668
SC-23-X-A-IV;1430
SC-23-X-A-V;1431
SC-23-X-A-VI;1432
SC-23-X-B-I;1355
SC-23-X-B-II;1356
SC-23-X-B-III;1357
SC-23-X-B-IV;1433
SC-23-X-B-V;1434
SC-23-X-B-VI;1435
SC-23-X-C-I;1507
SC-22-V-D-I;1492
SC-23-Z-D-II;1783
SC-23-Z-D-III;1784
SC-23-Z-D-IV;1839
SC-23-Z-D-V;1840
SC-23-Z-D-VI;1841
SC-24-V-A-I;1358
SC-24-V-A-II;1359
SC-24-V-A-III;1360
SC-24-V-A-IV;1436
SC-24-V-A-V;1437
SC-22-V-D-II;1493
SC-24-V-A-VI;1438
SC-24-V-B-I;1361
SC-24-V-B-II;1362
SC-24-V-B-III;1363
SC-24-V-B-IV;1439
SC-24-V-B-V;1440
SC-24-V-B-VI;1441
SC-24-V-C-I;1513
SC-23-X-C-II;1508
SC-23-X-C-III;1509
SC-22-V-D-III;1494
SC-23-X-C-IV;1582
SC-23-X-C-V;1583
SC-23-X-C-VI;1584
SC-23-X-D-I;1510
SC-23-X-D-II;1511
SC-23-X-D-III;1512
SC-23-X-D-IV;1585
SC-23-X-D-V;1586
SC-23-X-D-VI;1587
SC-23-Y-A-I;1645
SC-22-V-D-IV;1567
SC-23-Y-A-II;1646
SC-23-Y-A-III;1647
SC-23-Y-A-IV;1711
SC-23-Y-A-V;1712
SC-23-Y-A-VI;1713
SC-23-Y-B-I;1648
SC-23-Y-B-II;1649
SC-23-Y-B-III;1650
SC-23-Y-B-IV;1714
SC-23-Y-B-V;1715
SC-22-V-D-V;1568
SC-23-Y-B-VI;1716
SC-23-Y-C-I;1773
SC-23-Y-C-II;1774
SC-23-Y-C-III;1775
SC-23-Y-C-IV;1830
SC-23-Y-C-V;1831
SC-23-Y-C-VI;1832
SC-23-Y-D-I;1776
SC-23-Y-D-II;1777
SC-23-Y-D-III;1778
SC-22-V-D-VI;1569
SC-23-Y-D-IV;1833
SC-23-Y-D-V;1834
SC-23-Y-D-VI;1835
SC-23-Z-A-I;1651
SC-23-Z-A-II;1652
SC-23-Z-A-III;1653
SC-23-Z-A-IV;1717
SC-23-Z-A-V;1718
SC-23-Z-A-VI;1719
SC-23-Z-B-I;1654
SC-22-X-A-I;1340
SC-23-Z-B-II;1655
SC-23-Z-B-III;1656
SC-23-Z-B-IV;1720
SC-23-Z-B-V;1721
SC-23-Z-B-VI;1722
SC-23-Z-C-I;1779
SC-23-Z-C-II;1780
SC-23-Z-C-III;1781
SC-23-Z-C-IV;1836
SC-23-Z-C-V;1837
NA-20-X-A-VI;0038
SC-22-X-A-II;1341
SC-23-Z-C-VI;1838
SC-23-Z-D-I;1782
SC-21-Y-B-III;1626
SC-21-Y-B-IV;1690
SC-21-Y-B-V;1691
SC-21-Y-B-VI;1692
SC-21-Y-C-I;1749
SC-21-Y-C-II;1750
SC-21-Y-C-III;1751
SC-21-Y-C-IV;1806
SD-21-X-C-III;1975
SC-21-Y-C-V;1807
SC-21-Y-C-VI;1808
SC-21-Y-D-I;1752
SC-21-Y-D-II;1753
SC-21-Y-D-III;1754
SC-21-Y-D-IV;1809
SC-21-Y-D-V;1810
SC-21-Y-D-VI;1811
SC-21-Z-A-I;1627
SC-21-Z-A-II;1628
SD-21-X-C-IV;2020
SC-21-Z-A-III;1629
SC-21-Z-A-IV;1693
SC-21-Z-A-V;1694
SC-21-Z-A-VI;1695
SC-21-Z-B-I;1630
SC-21-Z-B-II;1631
SC-21-Z-B-III;1632
SC-21-Z-B-IV;1696
SC-21-Z-B-V;1697
SC-21-Z-B-VI;1698
SD-21-X-C-V;2021
SC-21-Z-C-I;1755
SC-21-Z-C-II;1756
SC-21-Z-C-III;1757
SC-21-Z-C-IV;1812
SC-21-Z-C-V;1813
SC-21-Z-C-VI;1814
SC-21-Z-D-I;1758
SC-23-V-B-IV;1427
SC-24-Y-A-II;1658
SC-24-Y-A-III;1659
SD-21-X-C-VI;2022
SC-24-Y-A-IV;1723
SC-24-Y-A-V;1724
SC-24-Y-A-VI;1725
SC-24-Y-B-I;1660
SC-24-Y-B-II;1661
SC-24-Y-B-III;1662
SC-24-Y-B-IV;1726
SC-24-Y-B-V;1727
SC-24-Y-B-VI;1728
SC-24-Y-C-I;1785
SD-21-X-D-I;1976
SC-24-Y-C-II;1786
SC-24-Y-C-III;1787
SC-24-Y-C-IV;1842
SC-24-Y-C-V;1843
SC-24-Y-C-VI;1844
SC-24-Y-D-I;1788
SC-24-Y-D-II;1789
SC-24-Y-D-III;1790
SC-24-Y-D-IV;1845
SC-24-Y-D-V;1846
SD-21-X-D-II;1977
SC-24-Y-D-VI;1847
SC-24-Z-A-I;1663
SC-24-Z-A-II;1664
SC-24-Z-A-III;1665
SC-24-Z-A-IV;1729
SE-23-X-D-V;2387
SE-23-X-D-VI;2388
SE-23-Y-A-I;2415
SE-23-Y-A-II;2416
SE-23-Y-A-III;2417
SD-21-X-D-III;1978
SE-23-Y-A-IV;2452
SE-23-Y-A-V;2453
SE-23-Y-A-VI;2454
SE-23-Y-B-I;2418
SE-23-Y-B-II;2419
SE-23-Y-B-III;2420
SE-23-Y-B-IV;2455
SE-23-Y-B-V;2456
SE-23-Y-B-VI;2457
SE-23-Y-C-I;2489
SD-21-X-D-IV;2023
SE-23-Y-C-II;2490
SE-23-Y-C-III;2491
SE-23-Y-C-IV;2527
SC-24-Z-A-V;1730
SC-24-Z-A-VI;1731
SC-24-Z-B-I;1666
SC-24-Z-B-II;1667
SC-25-V-C-IV;1600
SD-20-V-A-III;1852
SD-20-V-B-I;1853
SD-21-X-D-V;2024
SD-20-V-B-II;1854
SD-20-V-B-III;1855
SD-20-V-B-IV;1907
SD-20-V-B-V;1908
SD-20-V-B-VI;1909
SD-20-X-A-I;1856
SD-20-X-A-II;1857
SD-20-X-A-III;1858
SD-20-X-A-IV;1910
SD-20-X-A-V;1911
NA-20-X-B-I;0026
SD-21-X-D-VI;2025
SD-20-X-A-VI;1912
SD-20-X-B-I;1859
SD-20-X-B-II;1860
SD-20-X-B-III;1861
SD-20-X-B-IV;1913
SD-20-X-B-V;1914
SD-20-X-B-VI;1915
SD-20-X-C-I;1961
SD-20-X-C-II;1962
SD-20-X-C-III;1963
SD-21-Y-A-I;2058
SD-20-X-C-VI;2010
SD-20-X-D-I;1964
SE-23-V-D-IV;2380
SE-23-V-D-V;2381
SE-23-V-D-VI;2382
SE-23-X-A-I;2265
SE-23-X-A-II;2266
SE-23-X-A-III;2267
SE-23-X-A-IV;2305
SE-23-X-A-V;2306
SD-21-Y-A-II;2059
SE-23-X-A-VI;2307
SE-23-X-B-I;2268
SE-23-X-B-II;2269
SE-23-X-B-III;2270
SE-23-X-B-IV;2308
SE-23-X-B-V;2309
SE-23-X-B-VI;2310
SE-23-X-C-I;2345
SE-23-X-C-II;2346
SE-23-X-C-III;2347
SD-21-Y-A-III;2060
SE-23-X-C-IV;2383
SE-23-X-C-V;2384
SE-23-X-C-VI;2385
SE-23-X-D-I;2348
SE-23-X-D-II;2349
SE-23-X-D-III;2350
SE-23-X-D-IV;2386
SC-24-V-C-II;1514
SC-24-V-C-III;1515
SC-24-V-C-IV;1588
SD-21-Y-A-IV;2102
SC-24-V-C-V;1589
SC-24-V-C-VI;1590
SC-24-V-D-I;1516
SC-24-V-D-II;1517
SC-24-V-D-III;1518
SC-24-V-D-IV;1591
SC-24-V-D-V;1592
SC-24-V-D-VI;1593
SC-24-X-A-I;1364
SC-24-X-A-II;1365
SD-21-Y-A-V;2103
SC-24-X-A-III;1366
SC-24-X-A-IV;1442
SC-24-X-A-V;1443
SC-24-X-A-VI;1444
SC-24-X-B-I;1367
SC-24-X-B-II;1368
SC-24-X-B-III;1369
SC-24-X-B-IV;1445
SC-24-X-B-V;1446
SC-24-X-B-VI;1447
SD-21-Y-A-VI;2104
SC-24-X-C-I;1519
SC-24-X-C-II;1520
SC-24-X-C-III;1521
SC-24-X-C-IV;1594
SC-24-X-C-V;1595
SC-24-X-C-VI;1596
SC-24-X-D-I;1522
SC-24-X-D-II;1523
SC-24-X-D-III;1524
SC-24-X-D-IV;1597
SD-21-Y-B-I;2061
SC-24-X-D-V;1598
SC-24-X-D-VI;1599
SC-24-Y-A-I;1657
SD-22-X-D-V;2036
SD-22-X-D-VI;2037
SD-22-Y-A-I;2070
SD-22-Y-A-II;2071
SD-22-Y-A-III;2072
SD-22-Y-A-IV;2114
SD-22-Y-A-V;2115
SD-21-Y-B-II;2062
SD-22-Y-A-VI;2116
SD-22-Y-B-I;2073
SD-22-Y-B-II;2074
SD-22-Y-B-III;2075
SD-22-Y-B-IV;2117
SD-22-Y-B-V;2118
SD-22-Y-B-VI;2119
SD-22-Y-C-I;2159
SD-22-Y-C-II;2160
SD-22-Y-C-III;2161
SD-21-Y-B-III;2063
SD-22-Y-C-IV;2203
SD-22-Y-C-V;2204
SD-22-Y-C-VI;2205
SD-22-Y-D-I;2162
SD-22-Y-D-II;2163
SD-22-Y-D-III;2164
SD-22-Y-D-IV;2206
SD-22-Y-D-V;2207
SD-22-Y-D-VI;2208
SD-23-X-A-V;1947
NA-20-X-B-II;0027
SD-21-Y-B-IV;2105
SD-23-Z-B-VI;2137
SD-23-Z-C-I;2177
SD-23-Z-C-II;2178
SD-23-Z-C-III;2179
SD-23-Z-C-IV;2221
SD-24-V-C-III;2005
SD-24-V-C-IV;2050
SD-24-V-C-V;2051
SD-24-V-C-VI;2052
SD-24-V-D-I;2006
SD-21-Y-B-V;2106
SD-24-V-D-II;2007
SD-24-V-D-III;2008
SD-24-V-D-IV;2053
SD-24-V-D-V;2054
SD-24-V-D-VI;2055
SD-24-X-A-I;1904
SD-24-X-A-II;1905
SD-24-X-A-III;1906
SD-23-X-A-VI;1948
SD-23-X-B-I;1895
SD-21-Y-B-VI;2107
SD-23-X-B-II;1896
SD-23-X-B-III;1897
SD-23-X-B-IV;1949
SD-23-X-B-V;1950
SD-23-X-B-VI;1951
SD-23-X-C-I;1997
SD-23-X-C-II;1998
SD-23-X-C-III;1999
SD-23-X-C-IV;2044
SD-23-X-C-V;2045
SD-23-Z-C-V;2222
SD-23-X-C-VI;2046
SD-23-X-D-I;2000
SD-23-X-D-II;2001
SD-23-X-D-III;2002
SD-23-X-D-IV;2047
SD-23-X-D-V;2048
SD-23-X-D-VI;2049
SD-23-Y-A-I;2082
SD-23-Y-A-II;2083
SD-23-Y-A-III;2084
SD-23-Z-C-VI;2223
SD-23-Y-A-IV;2126
SD-23-Y-A-V;2127
SD-23-Y-A-VI;2128
SD-23-Y-B-I;2085
SD-23-Y-B-II;2086
SD-23-Y-B-III;2087
SD-23-Y-B-IV;2129
SD-23-Y-B-V;2130
SD-23-Y-B-VI;2131
SD-23-Y-C-I;2171
SD-23-Z-D-I;2180
SD-23-Y-C-II;2172
SD-23-Y-C-III;2173
SD-23-Y-C-IV;2215
SD-23-Y-C-V;2216
SD-23-Y-C-VI;2217
SD-23-Y-D-I;2174
SD-23-Y-D-II;2175
SD-23-Y-D-III;2176
SD-23-Y-D-IV;2218
SD-23-Y-D-V;2219
SD-23-Z-D-II;2181
SD-23-Y-D-VI;2220
SD-23-Z-A-I;2088
SD-23-Z-A-II;2089
SD-23-Z-A-III;2090
SD-23-Z-A-IV;2132
SD-23-Z-A-V;2133
SD-23-Z-A-VI;2134
SD-23-Z-B-I;2091
SD-23-Z-B-II;2092
SD-23-Z-B-III;2093
SD-23-Z-D-III;2182
SD-23-Z-B-IV;2135
SD-23-Z-B-V;2136
SE-23-Y-C-V;2528
SE-23-Y-C-VI;2529
SE-23-Y-D-I;2492
SE-23-Y-D-II;2493
SE-23-Y-D-III;2494
SE-23-Y-D-IV;2530
SE-23-Y-D-V;2531
SE-23-Y-D-VI;2532
SD-23-Z-D-IV;2224
SE-23-Z-A-I;2421
SE-23-Z-A-II;2422
SD-22-V-D-III;1984
SD-22-V-D-IV;2029
SD-22-V-D-V;2030
SD-22-V-D-VI;2031
SD-22-X-A-I;1880
SD-22-X-A-II;1881
SD-22-X-A-III;1882
SD-22-X-A-IV;1934
SD-23-Z-D-V;2225
SD-22-X-A-V;1935
SD-22-X-A-VI;1936
SD-22-X-B-I;1883
SD-22-X-B-II;1884
SD-22-X-B-III;1885
SD-22-X-B-IV;1937
SD-22-X-B-V;1938
SD-22-X-B-VI;1939
SD-22-X-C-I;1985
SD-22-X-C-II;1986
NB-20-Y-D-IV;0008
NA-20-X-B-III;0028
SD-23-Z-D-VI;2226
SD-22-X-C-III;1987
SD-22-X-C-IV;2032
SD-22-X-C-V;2033
SD-22-X-C-VI;2034
SD-22-X-D-I;1988
SD-22-X-D-II;1989
SD-22-X-D-III;1990
SD-22-X-D-IV;2035
SE-21-X-C-II;2322
SE-21-X-C-III;2323
SD-24-V-A-I;1898
SE-21-X-C-IV;2359
SE-21-X-C-V;2360
SE-21-X-C-VI;2361
SE-21-X-D-I;2324
SE-21-X-D-II;2325
SE-21-X-D-III;2326
SE-21-X-D-IV;2362
SE-21-X-D-V;2363
SE-21-X-D-VI;2364
SE-21-Z-A-I;2397
SD-24-V-A-II;1899
SE-21-Z-A-II;2398
SE-21-Z-A-III;2399
SE-21-Z-A-IV;2434
SE-21-Z-A-V;2435
SE-21-Z-A-VI;2436
SE-21-Z-B-I;2400
SE-21-Z-B-II;2401
SE-21-Z-B-III;2402
SE-21-Z-B-IV;2437
SE-21-Z-B-V;2438
SD-24-V-A-III;1900
SE-21-Z-B-VI;2439
SE-21-Z-C-I;2471
SE-21-Z-C-II;2472
SE-21-Z-C-III;2473
SE-21-Z-C-IV;2509
SE-22-X-D-V;2375
SE-22-X-D-VI;2376
SE-22-Y-A-I;2403
SE-22-Y-A-II;2404
SE-22-Y-A-III;2405
SD-24-V-A-IV;1952
SE-22-Y-A-IV;2440
SE-22-Y-A-V;2441
SE-22-Y-A-VI;2442
SE-22-Y-B-I;2406
SE-22-Y-B-II;2407
SE-22-Y-B-III;2408
SE-22-Y-B-IV;2443
SE-22-Y-B-V;2444
SE-22-Y-B-VI;2445
SE-22-Y-C-I;2477
SD-24-V-A-V;1953
SE-22-Y-C-II;2478
SE-22-Y-C-III;2479
SE-22-Y-C-IV;2515
SE-21-Z-C-V;2510
SE-21-Z-C-VI;2511
SE-21-Z-D-I;2474
SE-21-Z-D-II;2475
SE-21-Z-D-III;2476
SE-21-Z-D-IV;2512
SE-21-Z-D-V;2513
SD-24-V-A-VI;1954
SE-21-Z-D-VI;2514
SE-22-V-A-I;2247
SE-22-V-A-II;2248
SE-22-V-A-III;2249
SE-22-V-A-IV;2287
SE-22-V-A-V;2288
SE-22-V-A-VI;2289
SE-22-V-B-I;2250
SE-22-V-B-II;2251
SE-22-V-B-III;2252
SD-24-V-B-I;1901
SE-22-V-B-IV;2290
SE-22-V-B-V;2291
SE-22-V-B-VI;2292
SE-22-V-C-I;2327
SE-22-V-C-II;2328
SE-22-V-C-III;2329
SE-22-V-C-IV;2365
SE-22-V-C-V;2366
SE-22-V-C-VI;2367
SE-22-V-D-I;2330
SD-24-V-B-II;1902
SE-22-V-D-II;2331
SE-22-V-D-III;2332
SE-22-V-D-IV;2368
SE-22-V-D-V;2369
SE-22-V-D-VI;2370
SE-22-X-A-I;2253
SE-22-X-A-II;2254
SE-22-X-A-III;2255
SE-22-X-A-IV;2293
SE-22-X-A-V;2294
SD-24-V-B-III;1903
SE-22-X-A-VI;2295
SE-22-X-B-I;2256
SE-22-X-B-II;2257
SE-22-X-B-III;2258
SE-22-X-B-IV;2296
SE-22-X-B-V;2297
SE-22-X-B-VI;2298
SE-22-X-C-I;2333
SE-22-X-C-II;2334
SE-22-X-C-III;2335
NA-20-X-B-IV;0039
SD-24-V-B-IV;1955
SE-22-X-C-IV;2371
SE-22-X-C-V;2372
SE-22-X-C-VI;2373
SE-22-X-D-I;2336
SE-22-X-D-II;2337
SE-22-X-D-III;2338
SE-22-X-D-IV;2374
SD-24-X-A-IV;1958
SD-24-X-A-V;1959
SD-24-X-A-VI;1960
SD-24-V-B-V;1956
SD-24-X-C-I;2009
SD-24-X-C-IV;2056
SD-24-Z-A-IV;2144
SD-24-Z-C-I;2189
SD-24-Z-C-IV;2233
SE-20-X-B-III;2234
SE-21-V-A-I;2235
SE-21-V-A-II;2236
SE-21-V-A-III;2237
SE-21-V-B-I;2238
SD-24-V-B-VI;1957
SE-21-V-B-II;2239
SE-21-V-B-III;2240
SE-21-V-B-IV;2278
SE-21-V-B-V;2279
SE-21-V-B-VI;2280
SE-21-V-D-I;2318
SE-21-V-D-II;2319
SE-21-V-D-III;2320
SE-21-V-D-V;2357
SE-21-V-D-VI;2358
SD-24-V-C-I;2003
SE-21-X-A-I;2241
SE-21-X-A-II;2242
SE-21-X-A-III;2243
SE-21-X-A-IV;2281
SE-21-X-A-V;2282
SE-21-X-A-VI;2283
SE-21-X-B-I;2244
SE-21-X-B-II;2245
SE-21-X-B-III;2246
SE-21-X-B-IV;2284
SD-24-V-C-II;2004
SE-21-X-B-V;2285
SE-21-X-B-VI;2286
SE-21-X-C-I;2321
SE-23-Z-B-III;2426
SE-23-Z-B-IV;2461
SE-23-Z-B-V;2462
SE-23-Z-B-VI;2463
SE-23-Z-C-I;2495
SE-23-Z-C-II;2496
SE-23-Z-C-III;2497
SE-21-Y-B-II;2395
SE-23-Z-C-IV;2533
SE-23-Z-C-V;2534
SG-22-Z-D-V;2909
SG-22-Z-D-VI;2910
SG-23-V-A-I;2812
SG-23-V-A-II;2813
SG-23-V-A-III;2814
SG-23-V-A-IV;2829
SG-23-V-A-V;2830
SG-23-V-B-I;2815
SE-21-Y-B-III;2396
SF-21-X-C-VI;2656
SC-19-V-A-II;1299
SC-19-V-A-III;1300
SC-19-V-A-IV;1376
SC-19-V-A-V;1377
SC-19-V-A-VI;1378
SC-19-V-B-I;1301
SC-19-V-B-II;1302
SC-19-V-B-III;1303
SC-19-V-B-IV;1379
NA-20-X-C-V;0070
SD-23-V-A-V;1941
SD-23-V-A-VI;1942
SD-23-V-B-I;1889
SD-23-V-B-II;1890
SD-23-V-B-III;1891
SD-23-V-B-IV;1943
SD-23-V-B-V;1944
SD-23-V-B-VI;1945
SD-23-V-C-I;1991
SE-23-Z-C-VI;2535
NA-20-X-C-VI;0071
SE-23-Z-D-I;2498
SE-23-Z-D-II;2499
SE-23-Z-D-III;2500
SE-23-Z-D-IV;2536
SE-23-Z-D-V;2537
SE-23-Z-D-VI;2538
SE-24-V-A-I;2271
SE-24-V-A-II;2272
SF-21-X-D-I;2622
SF-21-X-D-II;2623
NA-20-X-D-I;0053
SF-21-X-D-III;2624
SF-21-X-D-IV;2657
SF-21-X-D-V;2658
SF-21-X-D-VI;2659
SF-21-Y-B-I;2685-B
SF-21-Y-B-II;2686
SF-21-Y-B-III;2687
SC-19-V-B-V;1380
SC-19-V-B-VI;1381
SC-19-V-C-I;1453
NA-20-X-B-V;0040
NA-20-X-D-II;0054
SC-19-V-C-II;1454
SC-19-V-C-III;1455
SC-19-V-C-IV;1528
SC-19-V-C-V;1529
SC-19-V-C-VI;1530
SC-19-V-D-I;1456
SD-23-V-C-II;1992
SD-23-V-C-III;1993
SD-23-V-C-IV;2038
SD-23-V-C-V;2039
NA-20-X-D-III;0055
SD-23-V-C-VI;2040
SD-23-V-D-I;1994
SD-23-V-D-II;1995
SD-23-V-D-III;1996
SD-23-V-D-IV;2041
SE-24-V-A-III;2273
SE-24-V-A-IV;2311
SE-24-V-A-V;2312
SE-24-V-A-VI;2313
SE-24-V-B-I;2274
NA-20-X-D-IV;0072
SE-24-V-B-II;2275
SE-24-V-B-III;2276
SE-24-V-B-IV;2314
SE-24-V-B-V;2315
SF-21-Z-A-I;2688
SF-21-Z-A-II;2689
SF-21-Z-A-III;2690
SF-21-Z-A-VI;2720
SF-21-Z-B-I;2691
SF-21-Z-B-II;2692
NA-20-X-D-V;0073
SF-21-Z-B-III;2693
SF-21-Z-B-IV;2721
SF-21-Z-B-V;2722
SC-19-V-D-II;1457
SC-19-V-D-III;1458
SC-19-V-D-IV;1531
SC-19-V-D-V;1532
SC-19-V-D-VI;1533
SC-19-X-A-I;1304
SC-19-X-A-II;1305
NA-20-X-D-VI;0074
SC-19-X-A-III;1306
SC-19-X-A-IV;1382
SD-23-V-D-V;2042
SD-23-V-D-VI;2043
SD-23-X-A-I;1892
SD-23-X-A-II;1893
SD-23-X-A-III;1894
SD-23-X-A-IV;1946
SF-23-V-B-V;2605
SF-23-V-B-VI;2606
NA-20-Y-A-V;0132
SF-23-V-C-I;2637
SE-24-V-B-VI;2316
SE-24-V-C-I;2351
SE-24-V-C-II;2352
SE-24-V-C-III;2353
SE-24-V-C-IV;2389
SE-24-V-C-V;2390
SE-24-V-C-VI;2391
SE-24-V-D-I;2354
SE-24-V-D-II;2355
NA-20-Y-A-VI;0133
SF-21-Z-B-VI;2723
SF-21-Z-C-III;2749
SF-21-Z-C-VI;2775
SF-21-Z-D-I;2750
SF-21-Z-D-II;2751
SF-21-Z-D-III;2752
SF-21-Z-D-IV;2776
SF-21-Z-D-V;2777
SF-21-Z-D-VI;2778
SC-19-X-A-V;1383
NA-20-Y-B-I;0096
SC-19-X-A-VI;1384
SC-19-X-B-I;1307
SC-19-X-B-II;1308
SC-19-X-B-III;1309
SC-19-X-B-IV;1385
SC-19-X-B-V;1386
SC-19-X-B-VI;1387
SC-19-X-C-I;1459
SF-23-V-C-II;2638
SF-23-V-C-III;2639
NA-20-Y-B-II;0097
SF-23-V-C-IV;2672
SF-23-V-C-V;2673
SF-23-V-C-VI;2674
SF-23-V-D-I;2640
SF-23-V-D-II;2641
SF-23-V-D-III;2642
SF-23-V-D-IV;2675
SE-24-V-D-III;2356
SE-24-V-D-IV;2392
SE-24-V-D-V;2393
NA-20-Y-B-III;0098
SE-24-V-D-VI;2394
SE-24-X-A-I;2277
SE-24-X-A-IV;2317
SE-24-Y-A-I;2427
SE-24-Y-A-II;2428
SE-24-Y-A-III;2429
SF-22-V-A-I;2553
SF-22-V-A-II;2554
SF-22-V-A-III;2555
SF-22-V-A-IV;2589
NA-20-X-B-VI;0041
NA-20-Y-B-IV;0134
SF-22-V-A-V;2590
SF-22-V-A-VI;2591
SF-22-V-B-I;2556
SF-22-V-B-II;2557
SF-22-V-B-III;2558
SC-19-X-C-II;1460
SG-21-Z-D-III;2883
SG-21-Z-D-IV;2896
SG-21-Z-D-V;2897
SG-21-Z-D-VI;2898
NA-20-Y-B-V;0135
SG-22-V-A-I;2800
SG-22-V-A-II;2801
SG-22-V-A-III;2802
SG-22-V-A-IV;2817
SF-23-V-D-V;2676
SF-23-V-D-VI;2677
SF-23-X-A-I;2571
SF-23-X-A-II;2572
SF-23-X-A-III;2573
SF-23-X-A-IV;2607
NA-20-Y-B-VI;0136
SF-23-X-A-V;2608
SF-23-X-A-VI;2609
SF-23-X-B-I;2574
SE-24-Y-A-IV;2464
SE-24-Y-A-V;2465
SE-24-Y-A-VI;2466
SE-24-Y-B-I;2430
SE-24-Y-B-II;2431
SE-24-Y-B-III;2431A
SE-24-Y-B-IV;2467
NA-20-Y-C-I;0172
SE-24-Y-B-V;2468
SE-24-Y-C-I;2501
SF-22-V-B-IV;2592
SF-22-V-B-V;2593
SF-22-V-B-VI;2594
SF-22-V-C-I;2625
SF-22-V-C-II;2626
SF-22-V-C-III;2627
SF-22-V-C-IV;2660
SF-22-V-C-V;2661
NA-20-Y-C-II;0173
SF-22-V-C-VI;2662
SG-22-V-A-V;2818
SG-22-V-A-VI;2819
SG-22-V-B-I;2803
SG-22-V-B-II;2804
SH-21-X-A-III;2911
SH-21-X-A-V;2926
SH-21-X-A-VI;2927
SH-21-X-B-I;2912
SH-21-X-B-II;2913
NA-20-Y-C-III;0174
SF-23-X-B-II;2575
SF-23-X-B-III;2576
SF-23-X-B-IV;2610
SF-23-X-B-V;2611
SF-23-X-B-VI;2612
SF-23-X-C-I;2643
SF-23-X-C-II;2644
SF-23-X-C-III;2645
SF-23-X-C-IV;2678
SE-24-Y-C-II;2502
NA-20-Y-C-IV;0214
SE-24-Y-C-III;2503
SE-24-Y-C-IV;2539
SE-24-Y-C-V;2540
SE-24-Y-C-VI;2541
SE-24-Y-D-I;2504
SE-24-Y-D-II;2505
SE-24-Y-D-IV;2542
SE-24-Y-D-V;2543
SF-22-V-D-I;2628
SF-22-V-D-II;2629
NA-20-Y-C-V;0215
SF-22-V-D-III;2630
SF-22-V-D-IV;2663
SF-22-V-D-V;2664
SF-22-V-D-VI;2665
SF-22-X-A-I;2559
SF-22-X-A-II;2560
SF-22-X-A-III;2561
SE-22-Y-C-V;2516
SE-22-Y-C-VI;2517
SE-22-Y-D-I;2480
NA-20-Y-C-VI;0216
SE-22-Y-D-II;2481
SE-22-Y-D-III;2482
SE-22-Y-D-IV;2518
SE-22-Y-D-V;2519
SE-22-Y-D-VI;2520
SE-22-Z-A-I;2409
SF-23-X-C-V;2679
SF-23-X-C-VI;2680
SF-23-X-D-I;2646
SF-23-X-D-II;2647
NA-20-Y-D-I;0175
SF-23-X-D-III;2648
SF-23-X-D-IV;2681
SF-23-X-D-V;2682
SF-23-X-D-VI;2683
SF-23-Y-A-I;2706
SF-21-V-B-I;2544
SF-21-V-B-II;2545
SF-21-V-B-III;2546
SF-21-V-B-IV;2580-A
SF-21-V-B-V;2581
NA-20-X-C-I;0050
NA-20-Y-D-II;0176
SF-21-V-B-VI;2582
SF-21-V-D-II;2617
SF-21-V-D-III;2618
SF-22-X-A-IV;2595
SF-22-X-A-V;2596
SF-22-X-A-VI;2597
SF-22-X-B-I;2562
SF-22-X-B-II;2563
SF-22-Y-B-I;2697
NA-20-Y-D-III;0177
SF-22-Y-B-II;2698
SF-22-Y-B-III;2699
SF-22-Y-B-IV;2727
SE-22-Z-A-II;2410
SE-22-Z-A-III;2411
SE-22-Z-A-IV;2446
SE-22-Z-A-V;2447
SE-22-Z-A-VI;2448
SE-22-Z-B-I;2412
SE-22-Z-B-II;2413
NA-20-Y-D-IV;0217
SE-22-Z-B-III;2414
SE-22-Z-B-IV;2449
SF-23-Y-A-II;2707
SF-23-Y-A-III;2708
SF-23-Y-A-IV;2736
SF-23-Y-A-V;2737
SF-23-Y-A-VI;2738
SF-23-Y-B-I;2709
SF-23-Y-B-II;2710
SF-23-Y-B-III;2711
NA-20-Y-D-V;0218
SF-23-Y-B-IV;2739
SF-21-V-D-V;2652
SF-21-V-D-VI;2653
SF-21-X-A-I;2547
SF-21-X-A-II;2548
SF-21-X-A-III;2549
SF-21-X-A-IV;2583
SF-21-X-A-V;2584
SF-21-X-A-VI;2585
NA-20-Y-D-VI;0219
SF-22-Y-B-V;2728
SF-22-Y-B-VI;2729
SF-22-Y-C-I;2753
SF-22-Y-C-II;2754
SF-22-Y-C-III;2755
SF-22-Y-C-IV;2779
SF-22-Y-C-V;2780
SF-22-Y-C-VI;2781
SF-22-Y-D-I;2756
SE-22-Z-B-V;2450
NA-20-Z-A-I;0099
SE-22-Z-B-VI;2451
SE-22-Z-C-I;2483
SE-22-Z-C-II;2484
SE-22-Z-C-III;2485
SE-22-Z-C-IV;2521
SE-22-Z-C-V;2522
SE-22-Z-C-VI;2523
SE-22-Z-D-I;2486
SF-23-Y-B-V;2740
SF-23-Y-B-VI;2741
NA-20-Z-A-II;0100
SF-23-Y-C-I;2765
SF-23-Y-C-II;2766
SF-23-Y-C-III;2767
SF-23-Y-C-IV;2791
SF-23-Y-C-V;2792
SF-23-Y-C-VI;2793
SF-23-Y-D-I;2768
SF-21-X-B-I;2550
SF-21-X-B-II;2551
SF-21-X-B-III;2552
NA-20-Z-A-III;0101
SF-21-X-B-IV;2586
SF-21-X-B-V;2587
SF-21-X-B-VI;2588
SF-21-X-C-I;2619
SF-21-X-C-II;2620
SF-21-X-C-III;2621
SF-22-Y-D-II;2757
SF-22-Y-D-III;2758
SF-22-Y-D-IV;2782
SF-22-Y-D-V;2783
NA-20-Z-A-IV;0137
SF-22-Y-D-VI;2784
SF-22-Z-A-I;2700
SF-22-Z-A-II;2701
SF-22-Z-A-III;2702
SF-22-Z-A-IV;2730
SE-22-Z-D-II;2487
SE-22-Z-D-III;2488
SE-22-Z-D-IV;2524
SE-22-Z-D-V;2525
SE-22-Z-D-VI;2526
NA-20-Z-A-V;0138
SE-23-V-A-I;2259
SE-23-V-A-II;2260
SE-23-V-A-III;2261
SE-23-V-A-IV;2299
SF-23-Y-D-II;2769
SF-23-Y-D-III;2770
SF-23-Y-D-IV;2794
SF-23-Y-D-V;2795
SF-23-Y-D-VI;2796
SF-23-Z-A-I;2712
NA-20-X-C-II;0051
NA-20-Z-A-VI;0139
SF-23-Z-A-II;2713
SF-23-Z-A-III;2714
SF-23-Z-A-IV;2742
SF-21-X-C-IV;2654
SF-21-X-C-V;2655
SG-22-Y-A-III;2862
SG-22-Y-A-IV;2872
SG-22-Y-A-V;2873
SG-22-Y-A-VI;2874
SG-22-Y-B-I;2863
NA-20-Z-B-I;0102
SG-22-Y-B-II;2864
SG-22-Y-B-III;2865
SF-22-Z-A-V;2731
SF-22-Z-A-VI;2732
SF-22-Z-B-I;2703
SF-22-Z-B-II;2704
SF-22-Z-B-III;2705
SF-22-Z-B-IV;2733
SF-22-Z-B-V;2734
SF-22-Z-B-VI;2735
NA-20-Z-B-II;0103
SF-22-Z-C-I;2759
SE-23-V-A-V;2300
SE-23-V-A-VI;2301
SE-23-V-B-I;2262
SE-23-V-B-II;2263
SE-23-V-B-III;2264
SE-23-V-B-IV;2302
SE-23-V-B-V;2303
SE-23-V-B-VI;2304
SE-23-V-C-I;2339
SB-19-V-B-II;689
SF-23-Z-A-V;2743
SF-23-Z-A-VI;2744
SF-23-Z-B-I;2715
SF-23-Z-B-II;2716
SF-23-Z-B-III;2717
SF-23-Z-B-IV;2745
SF-23-Z-B-V;2746
SF-23-Z-B-VI;2747
SF-23-Z-C-I;2771
SG-22-Y-B-IV;2875
SB-19-X-C-III;0836
SG-22-Y-B-V;2876
SG-22-Y-B-VI;2877
SG-22-Y-C-I;2884
SG-22-Y-C-II;2885
SG-22-Y-C-III;2886
SG-22-Y-C-IV;2899
SG-22-Y-C-V;2900
SG-22-Y-C-VI;2901
SF-22-Z-C-II;2760
SF-22-Z-C-III;2761
SB-19-X-C-IV;0911
SF-22-Z-C-IV;2785
SF-22-Z-C-V;2786
SF-22-Z-C-VI;2787
SF-22-Z-D-I;2762
SF-22-Z-D-II;2763
SF-22-Z-D-III;2764
SF-22-Z-D-IV;2788
SE-23-V-C-II;2340
SE-23-V-C-III;2341
SE-23-V-C-IV;2377
SB-19-X-C-V;0912
SE-23-V-C-V;2378
SE-23-V-C-VI;2379
SE-23-V-D-I;2342
SE-23-V-D-II;2343
SE-23-V-D-III;2344
SD-22-Z-A-I;2076
SF-23-Z-C-II;2772
SF-23-Z-C-III;2773
SF-23-Z-D-I;2774
SF-23-Z-D-II;2774A
SB-19-X-C-VI;0913
SF-24-V-A-I;2577
SF-24-V-A-II;2578
SF-24-V-A-III;2579
SF-24-V-A-IV;2613
SF-24-V-A-V;2614
SG-22-Y-D-I;2887
SG-22-Y-D-II;2888
SG-22-Y-D-III;2889
SG-22-Y-D-IV;2902
SG-22-Y-D-V;2903
SB-19-X-D-I;0837
SG-22-Y-D-VI;2904
SG-22-Z-A-I;2866
SG-22-Z-A-II;2867
SG-22-Z-A-III;2868
SF-22-Z-D-V;2789
SF-22-Z-D-VI;2790
SF-23-V-A-I;2565
SF-23-V-A-II;2566
SF-23-V-A-III;2567
SF-23-V-A-IV;2601
SB-19-X-D-II;0838
SF-23-V-A-V;2602
SF-23-V-A-VI;2603
SF-23-V-B-I;2568
SD-22-Z-A-II;2077
SD-22-Z-A-III;2078
SD-22-Z-A-IV;2120
SD-22-Z-A-V;2121
SD-22-Z-A-VI;2122
SD-22-Z-B-I;2079
SD-22-Z-B-II;2080
NA-20-X-C-III;0052
SB-19-X-D-III;0839
SD-22-Z-B-III;2081
SD-22-Z-B-IV;2123
SF-24-V-A-VI;2615
SF-24-V-B-I;2580
SF-24-V-B-IV;2616
SF-24-V-C-I;2649
SF-24-V-C-II;2650
SF-24-V-C-III;2651
SF-24-V-C-IV;2684
SF-24-V-C-V;2685
SB-19-X-D-IV;0914
SF-24-V-C-VI;2685A
SG-22-Z-A-IV;2878
SG-22-Z-A-V;2879
SG-22-Z-A-VI;2880
SG-22-Z-B-I;2869
SG-22-Z-B-II;2870
SG-22-Z-B-III;2871
SG-22-Z-B-IV;2881
SG-22-Z-B-V;2882
SG-22-Z-C-I;2890
SB-19-X-D-V;0915
SF-23-V-B-II;2569
SF-23-V-B-III;2570
SF-23-V-B-IV;2604
SB-25-Y-C-IV;1291
SB-25-Y-C-V;1292
SB-25-Y-C-VI;1293
SC-18-X-A-III;1294
SC-18-X-B-I;1295
SC-18-X-B-II;1296
SD-22-Z-B-V;2124
SB-19-X-D-VI;0916
SD-22-Z-B-VI;2125
SD-22-Z-C-I;2165
SD-22-Z-C-II;2166
SD-22-Z-C-III;2167
SD-22-Z-C-IV;2209
SD-22-Z-C-V;2210
SD-22-Z-C-VI;2211
SD-22-Z-D-I;2168
SF-24-Y-A-I;2718
SF-24-Y-A-II;2719
SB-19-Y-A-I;0982
SF-24-Y-A-IV;2748
SG-21-X-B-I;2797
SG-21-X-B-II;2798
SG-21-X-B-III;2799
SG-21-X-B-VI;2816
SG-21-X-D-II;2831
SG-21-X-D-III;2832
SG-22-Z-C-II;2891
SG-22-Z-C-III;2892
SG-22-Z-C-IV;2905
SB-19-Y-A-II;0983
SG-22-Z-C-V;2906
SG-22-Z-C-VI;2907
SG-22-Z-D-I;2893
SG-22-Z-D-II;2894
SG-22-Z-D-III;2895
SG-22-Z-D-IV;2908
SC-18-X-B-III;1297
SC-18-X-B-IV;1373
SC-18-X-B-V;1374
SC-18-X-B-VI;1375
SB-19-Y-A-III;0984
SC-18-X-D-I;1450
SC-18-X-D-II;1451
SC-18-X-D-III;1452
SC-18-X-D-VI;1527
SC-19-V-A-I;1298
SD-22-Z-D-II;2169
SD-22-Z-D-III;2170
SD-22-Z-D-IV;2212
SD-22-Z-D-V;2213
SD-22-Z-D-VI;2214
SB-19-Y-A-IV;1061
SD-23-V-A-I;1886
SD-23-V-A-II;1887
SD-23-V-A-III;1888
SD-23-V-A-IV;1940
SG-21-X-D-V;2846
SG-21-X-D-VI;2847
SG-21-Z-D-II;2882-A
SE-23-Z-A-III;2423
SE-23-Z-A-IV;2458
SE-23-Z-A-V;2459
SB-19-Y-A-V;1062
SE-23-Z-A-VI;2460
SE-23-Z-B-I;2424
SE-23-Z-B-II;2425
SB-24-X-D-VI;0976
SB-24-Y-A-I;1042
SB-24-Y-A-II;1043
SB-24-Y-A-III;1044
SB-24-Y-A-IV;1121
SB-24-Y-A-V;1122
SB-24-Y-A-VI;1123
SB-19-Y-A-VI;1063
SB-24-Y-B-I;1045
SB-24-Y-B-II;1046
SC-19-Z-C-II;1737
SH-22-Y-D-IV;3020
SH-22-Y-D-V;3021
SH-22-Y-D-VI;3022
SH-22-Z-A-I;2988
SH-22-Z-A-II;2989
SH-22-Z-A-IV;3001
SH-22-Z-A-V;3002
NA-20-X-C-IV;0069
SB-19-Y-B-I;0985
SH-22-Z-C-I;3014
SI-22-V-A-I;3023
SB-24-Y-B-III;1047
SB-24-Y-B-IV;1124
SB-24-Y-B-V;1125
SB-24-Y-B-VI;1126
SB-24-Y-C-I;1200
SB-24-Y-C-II;1201
SB-24-Y-C-III;1202
SB-24-Y-C-IV;1279
SB-19-Y-B-II;0986
SB-24-Y-C-V;1280
SI-22-V-A-II;3024
SI-22-V-A-III;3025
SI-22-V-A-IV;3028
SI-22-V-A-V;3029
SI-22-V-A-VI;3030
SI-22-V-B-I;3026
SI-22-V-B-II;3027
SI-22-V-B-IV;3031
SI-22-V-C-I;3032
SB-19-Y-B-III;0987
SB-24-Y-C-VI;1281
SB-24-Y-D-I;1203
SB-24-Y-D-II;1204
SB-24-Y-D-III;1205
SB-24-Y-D-IV;1282
SB-24-Y-D-V;1283
SB-24-Y-D-VI;1284
SB-24-Z-A-I;1048
SB-24-Z-A-II;1049
SI-22-V-C-II;3033
SB-19-Y-B-IV;1064
SI-22-V-C-III;3034
SI-22-V-C-IV;3035
SI-22-V-C-V;3036
SI-22-V-C-VI;3036A
SF-26-V-A-II;2580-B
SF-26-V-A-III;2580-C
SF-26-V-A-V;2616-A
SA-25-Y-D-V;685-B
SB-24-Z-A-III;1050
SB-24-Z-A-IV;1127
SB-19-Y-B-V;1065
SB-24-Z-A-V;1128
SB-24-Z-A-VI;1129
SB-24-Z-B-I;1051
SB-24-Z-B-II;1052
SB-24-Z-B-III;1053
SB-24-Z-B-IV;1130
SB-24-Z-B-V;1131
SA-25-Z-C-V;685-C
SB-23-X-A-I;0739
SB-23-X-A-II;0740
SB-19-Y-B-VI;1066
SB-23-X-A-III;0741
SB-23-X-A-IV;0809
SB-23-X-A-V;0810
SB-23-X-A-VI;0811
SB-23-X-B-I;0742
SB-24-Z-B-VI;1132
SB-24-Z-C-I;1206
NA-26-Y-C-II;204-A
SB-24-Z-C-II;1207
SB-24-Z-C-III;1208
SB-19-Y-C-I;1140
SB-24-Z-C-IV;1285
SB-24-Z-C-V;1286
SB-24-Z-C-VI;1287
SB-24-Z-D-I;1209
SB-24-Z-D-II;1210
SB-23-X-B-II;0743
SB-23-X-B-III;0744
SB-23-X-B-IV;0812
SB-23-X-B-V;0813
SB-23-X-B-VI;0814
SB-19-Y-C-II;1141
SB-23-X-C-I;0882
SB-23-X-C-II;0883
SB-23-X-C-III;0884
SB-23-X-C-IV;0959
SB-24-Z-D-III;1211
SB-24-Z-D-IV;1288
SB-24-Z-D-V;1289
SB-24-Z-D-VI;1290
SB-25-V-C-I;0900
SB-25-V-C-II;0901
SB-19-Y-C-III;1142
SB-25-V-C-IV;0977
SB-25-V-C-V;0978
SB-25-Y-A-I;1054
SB-23-X-C-V;0960
SB-23-X-C-VI;0961
SB-23-X-D-I;0885
SB-23-X-D-II;0886
SB-23-X-D-III;0887
SB-23-X-D-IV;0962
SB-23-X-D-V;0963
SB-19-Y-C-IV;1219
SB-23-X-D-VI;0964
SB-23-Y-A-I;1030
SB-25-Y-A-II;1055
SB-25-Y-A-III;1056
SB-25-Y-A-IV;1133
SB-25-Y-A-V;1134
SB-25-Y-A-VI;1135
SB-25-Y-C-I;1212
SB-25-Y-C-II;1213
SB-25-Y-C-III;1214
NB-20-Z-D-II;0004
SA-20-Y-D-III;0572
SG-22-V-C-II;2834
SH-21-X-B-III;2914
SH-21-X-B-IV;2928
SH-21-X-B-V;2929
SH-21-X-B-VI;2930
SH-21-X-C-I;2942
SH-21-X-C-II;2943
SH-21-X-C-III;2944
SH-21-X-C-IV;2959
SH-21-X-C-V;2960
SA-20-Y-D-IV;0633
SB-23-Y-A-II;1031
SB-23-Y-A-III;1032
SB-23-Y-A-IV;1109
SB-23-Y-A-V;1110
SB-23-Y-A-VI;1111
SB-23-Y-B-I;1033
SB-23-Y-B-II;1034
SB-23-Y-B-III;1035
SB-23-Y-B-IV;1112
SG-22-V-C-III;2835
SA-20-Y-D-V;0634
SG-22-V-C-IV;2848
SG-22-V-C-V;2849
SG-22-V-C-VI;2850
SG-22-V-D-I;2836
SG-22-V-D-II;2837
SG-22-V-D-III;2838
SG-22-V-D-IV;2851
SG-22-V-D-V;2852
SH-21-X-C-VI;2961
SH-21-X-D-I;2945
SA-20-Y-D-VI;0635
SH-21-X-D-II;2946
SH-21-X-D-III;2947
SH-21-X-D-IV;2962
SH-21-X-D-V;2963
SH-21-X-D-VI;2964
SH-21-Y-B-II;2974
SH-21-Y-B-III;2975
SB-23-Y-B-V;1113
SB-23-Y-B-VI;1114
SB-23-Y-C-I;1188
SA-20-Z-A-I;0458
SB-23-Y-C-II;1189
SB-23-Y-C-III;1190
SB-23-Y-C-IV;1267
SB-23-Y-C-V;1268
SB-23-Y-C-VI;1269
SB-23-Y-D-I;1191
SG-22-V-D-VI;2853
SG-22-X-A-I;2806
SG-22-X-A-II;2807
SG-22-X-A-III;2808
SA-20-Z-A-II;0459
SG-22-X-A-IV;2823
SG-22-X-A-V;2824
SG-22-X-A-VI;2825
SG-22-X-B-I;2809
SG-22-X-B-II;2810
SH-21-Z-A-I;2976
SH-21-Z-A-II;2977
SH-21-Z-A-III;2978
SH-21-Z-A-V;2990
SH-21-Z-A-VI;2991
SA-20-Z-A-III;0460
SH-21-Z-B-I;2979
SH-21-Z-B-II;2980
SH-21-Z-B-III;2981
SH-21-Z-B-IV;2992
SB-23-Y-D-II;1192
SB-23-Y-D-III;1193
SB-23-Y-D-IV;1270
SB-23-Y-D-V;1271
SB-23-Y-D-VI;1272
SB-23-Z-A-I;1036
SA-20-Z-A-IV;0512
SB-23-Z-A-II;1037
SB-23-Z-A-III;1038
SB-23-Z-A-IV;1115
SG-22-X-B-III;2811
SG-22-X-B-IV;2826
SG-22-X-B-V;2827
SG-22-X-B-VI;2828
SG-22-X-C-I;2839
SG-22-X-C-II;2840
SG-22-X-C-III;2841
SA-20-Z-A-V;0513
SG-22-X-C-IV;2854
SG-22-X-C-V;2855
SH-21-Z-B-V;2993
SH-21-Z-B-VI;2994
SH-21-Z-C-II;3003
SG-22-V-B-III;2805
SG-22-V-B-IV;2820
SG-22-V-B-V;2821
SG-22-V-B-VI;2822
SG-22-V-C-I;2833
SA-20-Z-A-VI;0514
SH-22-V-B-II;2919
SB-23-Z-A-V;1116
SB-23-Z-A-VI;1117
SB-23-Z-B-I;1039
SB-23-Z-B-II;1040
SB-23-Z-B-III;1041
SB-23-Z-B-IV;1118
SB-23-Z-B-V;1119
SB-23-Z-B-VI;1120
SB-23-Z-C-I;1194
NB-20-Z-D-III;0005
SA-20-Z-B-I;0461
SG-22-X-C-VI;2856
SG-22-X-D-I;2842
SG-22-X-D-II;2843
SG-22-X-D-III;2844
SG-22-X-D-IV;2857
SG-22-X-D-V;2858
SG-22-X-D-VI;2859
SG-22-Y-A-I;2860
SG-22-Y-A-II;2861
SH-22-V-B-III;2920
SA-20-Z-B-II;0462
SH-22-V-B-IV;2934
SH-22-V-B-V;2935
SH-22-V-B-VI;2936
SH-22-V-C-I;2948
SH-22-V-C-II;2949
SH-22-V-C-III;2950
SH-22-V-C-IV;2965
SH-22-V-C-V;2966
SB-23-Z-C-II;1195
SB-23-Z-C-III;1196
SA-20-Z-B-III;0463
SB-23-Z-C-IV;1273
SB-23-Z-C-V;1274
SB-23-Z-C-VI;1275
SB-23-Z-D-I;1197
SB-23-Z-D-II;1198
SB-23-Z-D-III;1199
SB-23-Z-D-IV;1276
SG-23-V-C-I;2845
SH-21-V-D-VI;2958
SH-21-Z-C-III;3004
SA-20-Z-B-IV;0515
SH-21-Z-D-I;3005
SH-21-Z-D-II;3006
SH-21-Z-D-III;3007
SH-21-Z-D-V;3015
SH-21-Z-D-VI;3016
SH-22-V-A-I;2915
SH-22-V-C-VI;2967
SH-22-V-D-I;2951
SH-22-V-D-II;2952
SH-22-V-D-III;2953
SA-20-Z-B-V;0516
SH-22-V-D-IV;2968
SH-22-V-D-V;2969
SH-22-V-D-VI;2970
SH-22-X-A-I;2921
SH-22-X-A-II;2922
SB-23-Z-D-V;1277
SB-23-Z-D-VI;1278
SB-24-V-A-I;0745
SB-24-V-A-II;0746
SB-24-V-A-III;0747
SA-20-Z-B-VI;0517
SB-24-V-A-IV;0815
SB-24-V-A-V;0816
SB-24-V-A-VI;0817
SB-24-V-B-I;0748
SH-22-V-A-II;2916
SH-22-V-A-III;2917
SH-22-V-A-IV;2931
SH-22-V-A-V;2932
SH-22-V-A-VI;2933
SH-22-V-B-I;2918
SA-20-Z-C-I;0573
SC-19-X-C-III;1461
SC-19-X-C-IV;1534
SC-19-X-C-V;1535
SH-22-X-A-III;2923
SH-22-X-A-IV;2937
SH-22-X-A-V;2938
SH-22-X-A-VI;2939
SH-22-X-B-I;2924
SH-22-X-B-II;2925
SH-22-X-B-IV;2940
SA-20-Z-C-II;0574
SH-22-X-B-V;2941
SH-22-X-C-I;2954
SB-24-V-B-II;0749
SB-24-V-B-III;0750
SB-24-V-B-IV;0818
SB-24-V-B-V;0819
SB-24-V-B-VI;0820
SB-24-V-C-I;0888
SB-24-V-C-II;0889
SB-24-V-C-III;0890
SB-19-Y-C-V;1220
SB-24-V-C-IV;0965
SC-19-X-C-VI;1536
SC-19-X-D-I;1462
SC-19-X-D-II;1463
SC-19-X-D-III;1464
SC-19-X-D-IV;1537
SC-19-X-D-V;1538
SC-19-X-D-VI;1539
SC-19-Y-A-III;1601
SC-19-Y-A-VI;1669
NA-20-Z-C-II;0179
SH-22-X-C-II;2955
SH-22-X-C-III;2956
SH-22-X-C-IV;2971
SH-22-X-C-V;2972
SH-22-X-C-VI;2973
SH-22-X-D-I;2957
SH-22-Y-A-I;2982
SH-22-Y-A-II;2983
SH-22-Y-A-III;2984
SB-24-V-C-V;0966
NB-20-Y-D-V;0009
NB-20-Z-D-IV;0013
NA-20-Z-C-III;0180
SB-24-V-C-VI;0967
SB-24-V-D-I;0891
SB-24-V-D-II;0892
SB-24-V-D-III;0893
SB-24-V-D-IV;0968
SB-24-V-D-V;0969
SB-24-V-D-VI;0970
SB-24-X-A-I;0751
SC-19-Y-B-I;1602
SC-19-Y-B-II;1603
SA-19-X-D-IV;0397
SC-19-Y-B-III;1604
SC-19-Y-B-IV;1670
SC-19-Y-B-V;1671
SC-19-Y-B-VI;1672
SC-19-Y-D-I;1735
SC-19-Y-D-III;1735A
SC-19-Z-A-I;1605
SH-22-Y-A-IV;2995
SH-22-Y-A-V;2996
SH-22-Y-A-VI;2997
SA-19-X-D-V;0398
SH-22-Y-B-I;2985
SH-22-Y-B-II;2986
SH-22-Y-B-III;2987
SH-22-Y-B-IV;2998
SH-22-Y-B-V;2999
SH-22-Y-B-VI;3000
SB-24-X-A-II;0752
SB-24-X-A-III;0752-A
SB-24-X-A-IV;0821
SB-24-X-A-V;0822
SA-19-X-D-VI;0399
SB-24-X-A-VI;0823
SB-24-X-B-IV;0824
SB-24-X-B-V;0825
SB-24-X-C-I;0894
SB-24-X-C-II;0895
SC-19-Z-A-II;1606
SC-19-Z-A-III;1607
SC-19-Z-A-IV;1673
SC-19-Z-A-V;1674
SC-19-Z-A-VI;1675
SA-19-Y-B-II;0444
SC-19-Z-B-I;1608
SC-19-Z-B-II;1609
SC-19-Z-C-I;1736
SH-22-Y-C-I;3008
SH-22-Y-C-II;3009
SH-22-Y-C-III;3010
SH-22-Y-C-IV;3017
SH-22-Y-C-V;3018
SH-22-Y-C-VI;3019
SA-19-Y-B-III;0445
SH-22-Y-D-I;3011
SH-22-Y-D-II;3012
SH-22-Y-D-III;3013
SB-24-X-C-III;0896
SB-24-X-C-IV;0971
SB-24-X-C-V;0972
SB-24-X-C-VI;0973
SB-24-X-D-I;0897
SB-24-X-D-II;0898
SB-24-X-D-III;0899
SA-19-Y-B-V;0498
SB-24-X-D-IV;0974
SB-24-X-D-V;0975
SA-19-Y-B-VI;0499
SA-19-Y-D-II;0559
SA-19-Y-D-III;0560
NB-20-Z-D-V;0014
SA-19-Y-D-V;0622
SA-19-Y-D-VI;0623
SA-19-Z-A-I;0446
SA-19-Z-A-II;0447
SA-19-Z-A-III;0448
SA-19-Z-A-IV;0500
SA-19-Z-A-V;0501
SA-19-Z-A-VI;0502
SA-19-Z-B-I;0449
SA-19-Z-B-II;0450
NB-20-Z-D-VI;0015
SA-19-Z-B-III;0451
SA-19-Z-B-IV;0503
SA-19-Z-B-V;0504
SA-19-Z-B-VI;0505
SA-19-Z-C-I;0561
SA-19-Z-C-II;0562
SA-19-Z-C-III;0563
SA-19-Z-C-IV;0624
SA-19-Z-C-V;0625
SA-19-Z-C-VI;0626
NB-21-Y-A-IV;0002A
SA-19-Z-D-I;0564
SA-19-Z-D-II;0565
SA-19-Z-D-III;0566
SA-19-Z-D-IV;0627
SA-19-Z-D-V;0628
SA-19-Z-D-VI;0629
SA-20-V-A-I;0257
SA-20-V-A-II;0258
SA-20-V-A-III;0259
SA-20-V-A-IV;0301
NB-21-Y-C-I;0006
SA-20-V-A-V;0302
SA-20-V-A-VI;0303
SA-20-V-B-I;0260
SA-20-V-B-II;0261
SA-20-V-B-III;0262
SA-20-V-B-IV;0304
SA-20-V-B-V;0305
SA-20-V-B-VI;0306
SA-20-V-C-I;0349
SA-20-V-C-II;0350
NB-21-Y-C-IV;0016
SA-20-V-C-III;0351
SA-20-Y-D-II;0571
SF-22-X-D-I;2634
SF-22-X-D-II;2635
SF-22-X-D-III;2636
SF-22-X-D-IV;2669
SF-22-X-D-V;2670
SF-22-X-D-VI;2671
SF-22-Y-A-I;2694
SF-22-Y-A-II;2695
SA-21-Z-D-V;0652
SF-22-Y-A-III;2696
SF-22-Y-A-IV;2724
SF-22-Y-A-V;2725
SF-22-Y-A-VI;2726
SB-18-X-D-V;0903
SB-18-X-D-VI;0904
SB-18-Z-A-VI;1057
SB-18-Z-B-I;979
SB-18-Z-B-II;980
SB-18-Z-B-III;981
SA-21-Z-D-VI;0653
SB-18-Z-B-IV;1058
SB-18-Z-B-V;1059
SB-18-Z-B-VI;1060
SB-18-Z-C-III;1136
SB-18-Z-C-VI;1215
SB-18-Z-D-I;1137
SB-18-Z-D-II;1138
SB-18-Z-D-III;1139
SB-18-Z-D-IV;1216
SB-18-Z-D-V;1217
SA-22-V-A-I;0281
SB-18-Z-D-VI;1218
SB-19-V-A-I;0685A
SB-19-V-A-II;0686
SB-19-V-A-III;0687
SB-19-V-A-IV;0755
SB-19-V-A-V;0756
SB-19-V-A-VI;0757
SB-19-V-B-I;0688
SA-21-X-A-III;0277
SA-21-X-A-IV;0319
SA-22-V-A-II;0282
SA-21-X-A-V;0320
SA-21-X-A-VI;0321
SA-21-X-B-I;0278
SA-21-X-B-II;0279
SA-21-X-B-III;0280
SA-21-X-B-IV;0322
SA-21-X-B-V;0323
SA-21-X-B-VI;0324
SA-21-X-C-I;0367
SA-21-X-C-II;0368
NB-20-Z-B-V;0001
SA-22-V-A-III;0283
SA-21-X-C-III;0369
SA-21-X-C-IV;0418
SA-21-X-C-V;0419
SA-21-X-C-VI;0420
SA-21-X-D-I;0370
SA-21-X-D-II;0371
SA-21-X-D-III;0372
SA-21-X-D-IV;0421
SA-21-X-D-V;0422
SA-21-X-D-VI;0423
SA-22-V-A-IV;0325
SA-21-Y-A-I;0464
SA-21-Y-A-II;0465
SA-21-Y-A-III;0466
SA-21-Y-A-IV;0518
SA-21-Y-A-V;0519
SA-22-X-B-IV;0334
SA-22-X-B-V;0335
SA-22-X-B-VI;0336
SA-22-X-C-I;0379
SA-22-X-C-II;0380
SA-22-V-A-V;0326
SA-22-X-C-III;0381
SA-22-X-C-IV;0430
SA-22-X-C-V;0431
SA-22-X-C-VI;0432
SA-22-X-D-I;0382
SA-22-X-D-II;0383
SA-22-X-D-III;0384
SA-22-X-D-IV;0433
SA-22-X-D-V;0434
SA-22-X-D-VI;0435
SA-22-V-A-VI;0327
SA-22-Y-A-I;0476
SA-22-Y-A-II;0477
SA-22-Y-A-III;0478
SA-21-Y-A-VI;0520
SA-21-Y-B-I;0467
SA-21-Y-B-II;0468
SA-21-Y-B-III;0469
SA-21-Y-B-IV;0521
SA-21-Y-B-V;0522
SA-21-Y-B-VI;0523
SA-22-V-B-I;0284
SA-21-Y-C-I;0579
SA-21-Y-C-II;0580
SA-21-Y-C-III;0581
SA-21-Y-C-IV;0642
SA-21-Y-C-V;0643
SA-21-Y-C-VI;0644
SA-21-Y-D-I;0582
SA-21-Y-D-II;0583
SA-21-Y-D-III;0584
SA-21-Y-D-IV;0645
SA-22-V-B-II;0285
SA-21-Y-D-V;0646
SA-21-Y-D-VI;0647
SA-21-Z-A-I;0470
SA-21-Z-A-II;0471
SA-21-Z-A-III;0472
SA-21-Z-A-IV;0524
SA-21-Z-A-V;0525
SA-21-Z-A-VI;0526
SA-21-Z-B-I;0473
SA-21-Z-B-II;0474
SA-22-V-B-III;0286
SA-21-Z-B-III;0475
SA-21-Z-B-IV;0527
SA-21-Z-B-V;0528
SA-21-Z-B-VI;0529
SA-21-Z-C-I;0585
SA-21-Z-C-II;0586
SA-21-Z-C-III;0587
SA-21-Z-C-IV;0648
SA-21-Z-C-V;0649
SA-21-Z-C-VI;0650
SA-22-V-B-IV;0328
SA-21-Z-D-I;0588
SA-21-Z-D-II;0589
SA-21-Z-D-III;0590
SA-21-Z-D-IV;0651
SA-22-V-D-III;0378
SA-22-V-D-IV;0427
SA-22-V-D-V;0428
SA-22-V-D-VI;0429
SA-22-X-A-I;0287
SA-22-X-A-II;0288
SA-22-V-B-V;0329
SA-22-X-A-III;0289
SA-22-X-A-IV;0331
SA-22-X-A-V;0332
SA-22-X-A-VI;0333
SA-22-X-B-I;0290
SA-22-X-B-II;0291
SA-22-X-B-III;0292
SA-20-Z-C-III;0575
SA-20-Z-C-IV;0636
SA-20-Z-C-V;0637
SA-22-V-B-VI;0330
SA-20-Z-C-VI;0638
SA-20-Z-D-I;0576
SA-20-Z-D-II;0577
SA-20-Z-D-III;0578
SA-20-Z-D-IV;0639
SA-20-Z-D-V;0640
SA-20-Z-D-VI;0641
SA-21-V-A-I;0269
SA-21-V-A-II;0270
SA-21-V-A-III;0271
NB-20-Z-B-VI;0002
SA-22-V-C-I;0373
SA-21-V-A-IV;0313
SA-21-V-A-V;0314
SA-21-V-A-VI;0315
SA-21-V-B-I;0272
SA-21-V-B-II;0273
SA-21-V-B-III;0274
SA-21-V-B-IV;0316
SA-21-V-B-V;0317
SA-21-V-B-VI;0318
SA-21-V-C-I;0361
SA-22-V-C-II;0374
SA-21-V-C-II;0362
SA-21-V-C-III;0363
SA-21-V-C-IV;0412
SA-21-V-C-V;0413
SA-21-V-C-VI;0414
SA-21-V-D-I;0364
SA-21-V-D-II;0365
SA-21-V-D-III;0366
SA-21-V-D-IV;0415
SA-21-V-D-V;0416
SA-22-V-C-III;0375
SA-21-V-D-VI;0417
SA-21-X-A-I;0275
SA-21-X-A-II;0276
SA-22-Z-C-IV;0660
SA-22-Z-C-V;0661
SA-22-Z-C-VI;0662
SA-22-Z-D-I;0600
SA-22-Z-D-II;0601
SA-22-Z-D-III;0602
SA-22-Z-D-IV;0663
SA-22-V-C-IV;0424
SA-22-Z-D-V;0664
SA-22-Z-D-VI;0665
SA-23-V-A-IV;0337
SA-23-V-A-V;0338
SA-23-V-A-VI;0339
SA-23-V-B-IV;0340
SA-23-V-C-I;0385
SA-23-V-C-II;0386
SA-23-V-C-III;0387
SA-23-V-C-IV;0436
SA-22-V-C-V;0425
SA-23-V-C-V;0437
SA-23-V-C-VI;0438
SA-23-V-D-I;0388
SA-23-V-D-II;0389
SA-23-V-D-III;0390
SA-23-V-D-IV;0439
SA-23-V-D-V;0440
SA-23-V-D-VI;0441
SA-23-X-C-I;0391
SA-23-X-C-IV;0442
SA-22-V-C-VI;0426
SA-20-X-A-II;0264
SA-20-X-A-III;0265
SA-20-X-A-IV;0307
SA-20-X-A-V;0308
SA-20-X-A-VI;0309
SA-20-X-B-I;0266
SA-20-X-B-II;0267
SA-20-X-B-III;0268
SA-20-X-B-IV;0310
SA-20-X-B-V;0311
SA-22-V-D-I;0376
SA-20-X-B-VI;0312
SA-20-X-C-I;0355
SA-20-X-C-II;0356
SA-20-X-C-III;0357
SA-20-X-C-IV;0406
SA-20-X-C-V;0407
SA-20-X-C-VI;0408
SA-20-X-D-I;0358
SA-23-X-C-V;0443
SA-23-Y-A-I;0488
SA-22-V-D-II;0377
SA-23-Y-A-II;0489
SA-23-Y-A-III;0490
SA-23-Y-A-IV;0542
SA-23-Y-A-V;0543
SA-23-Y-A-VI;0544
SA-23-Y-B-I;0491
SA-23-Y-B-II;0492
SA-23-Z-C-III;0611
SA-23-Z-C-IV;0672
SA-23-Z-C-V;0673
SC-20-V-D-III;1470
SA-23-Z-C-VI;0674
SA-23-Z-D-I;0612
SA-23-Z-D-II;0613
SA-23-Z-D-III;0614
SA-23-Z-D-IV;0675
SA-23-Z-D-V;0676
SA-23-Z-D-VI;0677
SA-24-Y-A-IV;0554
SA-24-Y-A-V;0555
SA-24-Y-A-VI;0556
SC-20-V-D-IV;1543
SA-24-Y-B-IV;0557
SA-24-Y-B-V;0558
SA-24-Y-C-I;0615
SA-24-Y-C-II;0616
SA-24-Y-C-III;0617
SA-24-Y-C-IV;0678
SA-24-Y-C-V;0679
SA-24-Y-C-VI;0680
SA-24-Y-D-I;0618
SA-24-Y-D-II;0619
NB-20-Z-C-IV;0010
SC-20-V-D-V;1544
SA-24-Y-D-III;0620
SA-24-Y-D-IV;0681
SA-24-Y-D-V;0682
SA-24-Y-D-VI;0683
SA-24-Z-C-I;0621
SA-24-Z-C-IV;0684
SA-24-Z-C-V;0685
SB-18-X-B-V;0753
SB-18-X-B-VI;0754
SB-18-X-D-II;0826
SC-20-V-D-VI;1545
SB-18-X-D-III;0827
SB-18-X-D-IV;0902
SA-20-V-C-IV;0400
SA-20-V-C-V;0401
SA-20-V-C-VI;0402
SA-20-V-D-I;0352
SA-20-V-D-II;0353
SA-20-V-D-III;0354
SA-20-V-D-IV;0403
SA-20-V-D-V;0404
SC-20-X-A-I;1316
SA-20-V-D-VI;0405
SA-20-X-A-I;0263
SA-22-Y-A-IV;0530
SA-22-Y-A-V;0531
SA-22-Y-A-VI;0532
SA-22-Y-B-I;0479
SA-22-Y-B-II;0480
SA-22-Y-B-III;0481
SA-22-Y-B-IV;0533
SA-22-Y-B-V;0534
SC-20-X-A-II;1317
SA-22-Y-B-VI;0535
SA-22-Y-C-I;0591
SA-22-Y-C-II;0592
SA-22-Y-C-III;0593
SA-22-Y-C-IV;0654
SA-22-Y-C-V;0655
SA-22-Y-C-VI;0656
SA-22-Y-D-I;0594
SA-22-Y-D-II;0595
SA-22-Y-D-III;0596
SC-20-X-A-III;1318
SA-22-Y-D-IV;0657
SA-22-Y-D-V;0658
SA-22-Y-D-VI;0659
SA-22-Z-A-I;0482
SA-22-Z-A-II;0483
SA-22-Z-A-III;0484
SA-22-Z-A-IV;0536
SA-22-Z-A-V;0537
SA-22-Z-A-VI;0538
SA-22-Z-B-I;0485
SC-20-X-A-IV;1394
SA-22-Z-B-II;0486
SA-22-Z-B-III;0487
SA-22-Z-B-IV;0539
SA-22-Z-B-V;0540
SA-22-Z-B-VI;0541
SA-22-Z-C-I;0597
SA-22-Z-C-II;0598
SA-22-Z-C-III;0599
SB-22-X-A-IV;0797
SB-22-X-A-V;0798
SC-20-X-A-V;1395
SB-22-X-A-VI;0799
SB-22-X-B-I;0730
SB-22-X-B-II;0731
SB-22-X-B-III;0732
SB-22-X-B-IV;0800
SB-22-X-B-V;0801
SB-22-X-B-VI;0802
SB-22-X-C-I;0870
SB-22-X-C-II;0871
SB-22-X-C-III;0872
SC-20-X-A-VI;1396
SB-22-X-C-IV;0947
SB-22-X-C-V;0948
SB-22-X-C-VI;0949
SB-22-X-D-I;0873
SB-22-X-D-II;0874
SB-22-X-D-III;0875
SB-22-X-D-IV;0950
SB-22-X-D-V;0951
SB-22-X-D-VI;0952
SB-22-Y-A-I;1018
SC-20-X-B-I;1319
SB-22-Y-A-II;1019
SB-22-Y-A-III;1020
SB-22-Y-A-IV;1097
SB-22-Y-A-V;1098
SB-22-Y-A-VI;1099
SB-23-V-C-I;0876
SB-23-V-C-II;0877
SB-23-V-C-III;0878
SB-23-V-C-IV;0953
SB-23-V-C-V;0954
SC-20-X-B-II;1320
SB-23-V-C-VI;0955
SB-23-V-D-I;0879
SB-23-V-D-II;0880
SB-23-V-D-III;0881
SB-23-V-D-IV;0956
SB-23-V-D-V;0957
SB-19-Y-C-VI;1221
SB-19-Y-D-I;1143
SB-19-Y-D-II;1144
SB-19-Y-D-III;1145
NB-20-Z-C-V;0011
SC-20-X-B-III;1321
SB-19-Y-D-IV;1222
SB-19-Y-D-V;1223
SB-19-Y-D-VI;1224
SB-22-Y-B-I;1021
SB-22-Y-B-II;1022
SB-22-Y-B-III;1023
SB-22-Y-B-IV;1100
SB-22-Y-B-V;1101
SB-22-Y-B-VI;1102
SB-22-Y-C-I;1176
SC-20-X-B-IV;1397
SB-22-Y-C-II;1177
SB-22-Y-C-III;1178
SB-22-Y-C-IV;1255
SB-22-Y-C-V;1256
SB-22-Y-C-VI;1257
SB-22-Y-D-I;1179
SB-22-Y-D-II;1180
SB-22-Y-D-III;1181
SB-22-Y-D-IV;1258
SB-22-Y-D-V;1259
NB-22-Y-D-V;0017
SB-22-Y-D-VI;1260
SB-22-Z-A-I;1024
SB-22-Z-A-II;1025
SB-22-Z-A-III;1026
SB-22-Z-A-IV;1103
SB-22-Z-A-V;1104
SB-22-Z-A-VI;1105
SB-22-Z-B-I;1027
SB-22-Z-B-II;1028
SB-22-Z-B-III;1029
NB-22-Y-D-VI;0018
SB-22-Z-B-IV;1106
SB-22-Z-B-V;1107
SB-22-Z-B-VI;1108
SB-22-Z-C-I;1182
SB-22-Z-C-II;1183
SB-22-Z-C-III;1184
SB-22-Z-C-IV;1261
SB-22-Z-C-V;1262
SB-22-Z-C-VI;1263
SB-22-Z-D-I;1185
NA-19-X-C-VI;064
SB-22-Z-D-II;1186
SB-22-Z-D-III;1187
SB-22-Z-D-IV;1264
SB-22-Z-D-V;1265
SB-22-Z-D-VI;1266
SB-23-V-A-I;0733
SB-23-V-A-II;0734
SB-23-V-A-III;0735
SB-23-V-A-IV;0803
SB-23-V-A-V;0804
NA-19-X-D-IV;0065
SB-23-V-A-VI;0805
SB-23-V-B-I;0736
SB-23-V-B-II;0737
SB-23-V-B-III;0738
SB-23-V-B-IV;0806
SB-23-V-B-V;0807
SB-23-V-B-VI;0808
SA-20-X-D-II;0359
SA-20-X-D-III;0360
SA-20-X-D-IV;0409
NA-19-Y-B-II;0090
SA-20-X-D-V;0410
SA-20-X-D-VI;0411
SA-20-Y-A-I;0452
SA-20-Y-A-II;0453
SA-20-Y-A-III;0454
SA-20-Y-A-IV;0506
SA-20-Y-A-V;0507
SA-20-Y-A-VI;0508
SA-20-Y-B-I;0455
SA-20-Y-B-II;0456
NA-19-Y-B-III;0091
SA-20-Y-B-III;0457
SA-20-Y-B-IV;0509
SA-20-Y-B-V;0510
SA-20-Y-B-VI;0511
SA-20-Y-C-I;0567
SA-20-Y-C-II;0568
SA-20-Y-C-III;0569
SA-20-Y-C-IV;0630
SA-20-Y-C-V;0631
SA-20-Y-C-VI;0632
NA-19-Y-B-V;0125
SA-20-Y-D-I;0570
SC-23-V-B-II;1350
SC-23-V-B-III;1351
SB-22-V-C-VI;0943
SB-22-V-D-I;0867
SB-22-V-D-II;0868
SB-22-V-D-III;0869
SB-22-V-D-IV;0944
SB-22-V-D-V;0945
SB-22-V-D-VI;0946
NA-19-Y-B-VI;0126
SB-22-X-A-I;0727
SB-22-X-A-II;0728
SB-22-X-A-III;0729
SB-20-V-C-I;0840
SB-20-V-C-II;0841
SB-20-V-C-III;0842
SB-20-V-C-IV;0917
SB-20-V-C-V;0918
SB-20-V-C-VI;0919
SB-20-V-D-I;0843
NB-20-Z-C-VI;0012
NA-19-Y-D-I;0163A
SB-20-V-D-II;0844
SB-20-V-D-III;0845
SB-20-V-D-IV;0920
SB-20-V-D-V;0921
SB-20-V-D-VI;0922
SB-20-X-A-I;0703
SB-20-X-A-II;0704
SB-20-X-A-III;0705
SB-20-X-A-IV;0773
SB-20-X-A-V;0774
NA-19-Y-D-II;0164
SB-20-X-A-VI;0775
SB-20-X-B-I;0706
SB-20-X-B-II;0707
SB-20-X-B-III;0708
SB-20-X-B-IV;0776
SB-20-X-B-V;0777
SB-20-X-B-VI;0778
SB-20-X-C-I;0846
SB-20-X-C-II;0847
SB-20-X-C-III;0848
NA-19-Y-D-III;0165
SB-21-V-D-II;0856
SB-21-V-D-III;0857
SB-21-V-D-IV;0932
SB-21-V-D-V;0933
SB-21-V-D-VI;0934
SB-21-X-A-I;0715
SB-21-X-A-II;0716
SB-21-X-A-III;0717
SB-21-X-A-IV;0785
SB-21-X-A-V;0786
NA-19-Y-D-IV;0205
SB-21-X-A-VI;0787
SB-21-X-B-I;0718
SB-21-X-B-II;0719
SB-21-X-B-III;0720
SB-21-X-B-IV;0788
SB-21-X-B-V;0789
SB-21-X-B-VI;0790
SB-21-X-C-I;0858
SB-20-X-C-IV;0923
SB-20-X-C-V;0924
NA-19-Y-D-V;0206
SB-20-X-C-VI;0925
SB-20-X-D-I;0849
SB-20-X-D-II;0850
SB-20-X-D-III;0851
SB-20-X-D-IV;0926
SB-20-X-D-V;0927
SB-20-X-D-VI;0928
SB-20-Y-A-I;0994
SB-20-Y-A-II;0995
SB-20-Y-A-III;0996
NA-19-Y-D-VI;0207
SB-20-Y-A-IV;1073
SB-20-Y-A-V;1074
SB-20-Y-A-VI;1075
SB-20-Y-B-I;0997
SB-20-Y-B-II;0998
SB-20-Y-B-III;0999
SB-20-Y-B-IV;1076
SB-20-Y-B-V;1077
SB-20-Y-B-VI;1078
SB-20-Y-C-I;1152
NA-19-Z-A-I;0092
SB-20-Y-C-II;1153
SB-20-Y-C-III;1154
SB-20-Y-C-IV;1231
SB-20-Y-C-V;1232
SB-20-Y-C-VI;1233
SB-20-Y-D-I;1155
SB-20-Y-D-II;1156
SB-20-Y-D-III;1157
SB-20-Y-D-IV;1234
SB-20-Y-D-V;1235
NA-19-Z-A-II;0093
SB-20-Y-D-VI;1236
SB-20-Z-A-I;1000
SB-20-Z-A-II;1001
SB-20-Z-A-III;1002
SB-20-Z-A-IV;1079
SB-20-Z-A-V;1080
SB-21-V-A-IV;0779
SB-21-V-A-V;0780
SB-21-V-A-VI;0781
SB-21-V-B-I;0712
NA-19-Z-A-III;0094
SB-21-V-B-II;0713
SB-21-V-B-III;0714
SB-21-V-B-IV;0782
SB-21-V-B-V;0783
SB-21-V-B-VI;0784
SB-21-V-C-I;0852
SB-21-V-C-II;0853
SB-21-V-C-III;0854
SB-21-V-C-IV;0929
SB-21-V-C-V;0930
NA-19-Z-A-IV;0127
SB-21-V-C-VI;0931
SB-21-V-D-I;0855
SB-19-Z-A-I;988
SB-19-Z-A-II;989
SB-19-Z-A-III;990
SB-19-Z-A-IV;1067
SB-19-Z-A-V;1068
SB-19-Z-A-VI;1069
SB-19-Z-B-I;991
SB-19-Z-B-II;992
NB-20-Z-D-I;0003
NA-19-Z-A-V;0128
SB-19-Z-B-III;0993
SB-19-Z-B-IV;1070
SB-19-Z-B-V;1071
SB-19-Z-B-VI;1072
SB-19-Z-C-I;1146
SB-19-Z-C-II;1147
SB-19-Z-C-III;1148
SB-19-Z-C-IV;1225
SB-19-Z-C-V;1226
SB-19-Z-C-VI;1227
NA-19-Z-A-VI;0129
SB-19-Z-D-I;1149
SB-19-Z-D-II;1150
SB-19-Z-D-III;1151
SB-19-Z-D-IV;1228
SB-19-Z-D-V;1229
SB-19-Z-D-VI;1230
SB-20-V-A-I;697
SB-20-V-A-II;698
SB-20-V-A-III;699
SB-20-V-A-IV;767
NA-19-Z-B-I;0095
SB-20-V-A-V;768
SB-20-V-A-VI;769
SB-20-V-B-I;0700
SB-20-V-B-II;0701
SB-20-V-B-III;0702
SB-20-V-B-IV;0770
SB-20-V-B-V;0771
SB-20-V-B-VI;0772
SB-21-Z-A-II;1013
SB-21-Z-A-III;1014
NA-19-Z-B-IV;0130
SB-21-Z-A-IV;1091
SB-21-Z-A-V;1092
SB-21-Z-A-VI;1093
SB-21-Z-B-I;1015
SB-21-Z-B-II;1016
SB-21-Z-B-III;1017
SB-21-Z-B-IV;1094
SB-21-Z-B-V;1095
SB-21-Z-B-VI;1096
SB-21-Z-C-I;1170
NA-19-Z-B-V;0131
SB-21-Z-C-II;1171
SB-21-Z-C-III;1172
SB-21-Z-C-IV;1249
SB-21-Z-C-V;1250
SB-21-Z-C-VI;1251
SB-21-Z-D-I;1173
SB-21-Z-D-II;1174
SB-21-Z-D-III;1175
SB-21-Z-D-IV;1252
SB-21-Z-D-V;1253
NA-19-Z-C-I;0166
SB-21-Z-D-VI;1254
SB-22-V-A-I;0721
SB-22-V-A-II;0722
SB-22-V-A-III;0723
SB-22-V-A-IV;0791
SC-23-V-B-I;1349
SC-22-Z-A-I;1639
SC-22-Z-A-II;1640
SC-22-Z-A-III;1641
SC-22-Z-A-IV;1705
NA-19-Z-C-II;0167
SC-22-Z-A-V;1706
SC-22-Z-A-VI;1707
SC-22-Z-B-I;1642
SC-22-Z-B-II;1643
SC-22-Z-B-III;1644
SC-22-Z-B-IV;1708
SC-22-Z-B-V;1709
SC-22-Z-B-VI;1710
SC-22-Z-C-I;1767
SC-22-Z-C-II;1768
NA-19-Z-C-III;0168
SC-22-Z-C-III;1769
SC-22-Z-C-IV;1824
SC-22-Z-C-V;1825
SB-22-V-A-V;0792
SB-22-V-A-VI;0793
SB-22-V-B-I;0724
SB-22-V-B-II;0725
SB-22-V-B-III;0726
SB-22-V-B-IV;0794
SB-22-V-B-V;0795
NA-19-Z-C-IV;0208
SB-22-V-B-VI;0796
SB-22-V-C-I;0864
SB-22-V-C-II;0865
SB-22-V-C-III;0866
SB-22-V-C-IV;0941
SB-22-V-C-V;0942
SB-20-Z-A-VI;1081
SB-20-Z-B-I;1003
SB-20-Z-B-II;1004
SB-20-Z-B-III;1005
NA-19-Z-C-V;0209
SB-20-Z-B-IV;1082
SB-20-Z-B-V;1083
SB-20-Z-B-VI;1084
SB-20-Z-C-I;1158
SB-20-Z-C-II;1159
SB-20-Z-C-III;1160
SB-20-Z-C-IV;1237
SB-20-Z-C-V;1238
SB-20-Z-C-VI;1239
SB-20-Z-D-I;1161
